index,Annelida;Clitellata;Haplotaxida;Enchytraeidae;Enchytraeus;Enchytraeus christenseni,Annelida;Polychaeta;Phyllodocida;Nephtyidae;Aglaophamus;Aglaophamus sp. MB4,Annelida;Polychaeta;Phyllodocida;Nereididae;__;__,Annelida;__;__;__;__;__,Arthropoda;Hexanauplia;Calanoida;Calanidae;Calanus;Calanus pacificus,Arthropoda;Hexanauplia;Sessilia;Balanidae;Balanus;Balanus sp. 4 MPL-2014,Arthropoda;Insecta;Coleoptera;Staphylinidae;Stenomalium;Stenomalium helmsi,Arthropoda;Insecta;Coleoptera;__;__;__,Arthropoda;Insecta;Diptera;Anisopodidae;Sylvicola;Sylvicola fenestralis,Arthropoda;Insecta;Diptera;__;__;__,Arthropoda;Insecta;Hymenoptera;Braconidae;__;__,Arthropoda;Insecta;Siphonaptera;Pulicidae;Ctenocephalides;Ctenocephalides felis,Arthropoda;Insecta;__;__;__;__,Arthropoda;__;__;__;__;__,Chordata;Actinopteri;Acipenseriformes;Acipenseridae;Acipenser;__,Chordata;Actinopteri;Anguilliformes;Anguillidae;Anguilla;Anguilla australis,Chordata;Actinopteri;Argentiniformes;Argentinidae;Argentina;Argentina sialis,Chordata;Actinopteri;Argentiniformes;Argentinidae;Argentina;__,Chordata;Actinopteri;Argentiniformes;Microstomatidae;Nansenia;Nansenia ardesiaca,Chordata;Actinopteri;Argentiniformes;Microstomatidae;Nansenia;__,Chordata;Actinopteri;Argentiniformes;Microstomatidae;__;__,Chordata;Actinopteri;Argentiniformes;__;__;__,Chordata;Actinopteri;Blenniiformes;Tripterygiidae;Forsterygion;Forsterygion lapillum,Chordata;Actinopteri;Blenniiformes;Tripterygiidae;__;__,Chordata;Actinopteri;Centrarchiformes;Centrarchidae;Acantharchus;Acantharchus pomotis,Chordata;Actinopteri;Centrarchiformes;Cheilodactylidae;__;__,Chordata;Actinopteri;Centrarchiformes;Kyphosidae;Medialuna;Medialuna californiensis,Chordata;Actinopteri;Clupeiformes;Clupeidae;Clupea;Clupea harengus,Chordata;Actinopteri;Clupeiformes;Clupeidae;__;__,Chordata;Actinopteri;Clupeiformes;Engraulidae;Engraulis;Engraulis japonicus,Chordata;Actinopteri;Gadiformes;Gadidae;Micromesistius;__,Chordata;Actinopteri;Gadiformes;Macrouridae;Coelorinchus;Coelorinchus aspercephalus,Chordata;Actinopteri;Gadiformes;Moridae;Antimora;Antimora rostrata,Chordata;Actinopteri;Gadiformes;Moridae;Lepidion;Lepidion capensis,Chordata;Actinopteri;Gadiformes;Moridae;Lepidion;Lepidion ensiferus,Chordata;Actinopteri;Gadiformes;Moridae;Lepidion;__,Chordata;Actinopteri;Gadiformes;Moridae;Mora;Mora moro,Chordata;Actinopteri;Gadiformes;Moridae;Pseudophycis;Pseudophycis bachus,Chordata;Actinopteri;Gadiformes;Moridae;Pseudophycis;Pseudophycis barbata,Chordata;Actinopteri;Gadiformes;Moridae;Pseudophycis;__,Chordata;Actinopteri;Gadiformes;Moridae;__;__,Chordata;Actinopteri;Gadiformes;__;__;__,Chordata;Actinopteri;Gobiiformes;Eleotridae;Gobiomorphus;Gobiomorphus cotidianus,Chordata;Actinopteri;Labriformes;Labridae;Notolabrus;Notolabrus fucicola,Chordata;Actinopteri;Labriformes;Labridae;Notolabrus;__,Chordata;Actinopteri;Labriformes;Labridae;__;__,Chordata;Actinopteri;Lampriformes;Trachipteridae;Trachipterus;Trachipterus arcticus,Chordata;Actinopteri;Lutjaniformes;Lutjanidae;Lutjanus;__,Chordata;Actinopteri;Myctophiformes;Myctophidae;Electrona;Electrona antarctica,Chordata;Actinopteri;Myctophiformes;Myctophidae;Lampanyctus;__,Chordata;Actinopteri;NA;Dinopercidae;__;__,Chordata;Actinopteri;NA;Emmelichthyidae;Emmelichthys;Emmelichthys nitidus,Chordata;Actinopteri;NA;Siganidae;Siganus;Siganus luridus,Chordata;Actinopteri;NA;Siganidae;Siganus;__,Chordata;Actinopteri;NA;__;__;__,Chordata;Actinopteri;Ophidiiformes;Ophidiidae;Genypterus;__,Chordata;Actinopteri;Perciformes;Parabembridae;Parabembras;__,Chordata;Actinopteri;Perciformes;Psychrolutidae;Cottunculus;Cottunculus thomsonii,Chordata;Actinopteri;Perciformes;Sebastidae;__;__,Chordata;Actinopteri;Perciformes;Triglidae;Chelidonichthys;__,Chordata;Actinopteri;Perciformes;Triglidae;Lepidotrigla;Lepidotrigla papilio,Chordata;Actinopteri;Perciformes;__;__;__,Chordata;Actinopteri;Scombriformes;Centrolophidae;Seriolella;__,Chordata;Actinopteri;Scombriformes;Centrolophidae;__;__,Chordata;Actinopteri;Scombriformes;Gempylidae;Thyrsites;Thyrsites atun,Chordata;Actinopteri;Scombriformes;Scombridae;Allothunnus;Allothunnus fallai,Chordata;Actinopteri;Syngnathiformes;Centriscidae;Macroramphosus;Macroramphosus scolopax,Chordata;Actinopteri;Syngnathiformes;Syngnathidae;Hippocampus;Hippocampus abdominalis,Chordata;Actinopteri;Syngnathiformes;Syngnathidae;Vanacampus;Vanacampus margaritifer,Chordata;Actinopteri;Syngnathiformes;Syngnathidae;Vanacampus;Vanacampus phillipi,Chordata;Actinopteri;Syngnathiformes;Syngnathidae;Vanacampus;__,Chordata;Actinopteri;Uranoscopiformes;Pinguipedidae;Parapercis;Parapercis allporti,Chordata;Actinopteri;Uranoscopiformes;Uranoscopidae;Kathetostoma;Kathetostoma canaster,Chordata;Actinopteri;Uranoscopiformes;Uranoscopidae;Kathetostoma;Kathetostoma giganteum,Chordata;Actinopteri;__;__;__;__,Chordata;Amphibia;Anura;Pipidae;Xenopus;Xenopus laevis,Chordata;Amphibia;Anura;Pipidae;Xenopus;__,Chordata;Aves;Galliformes;Phasianidae;Gallus;Gallus gallus,Chordata;Aves;Galliformes;Phasianidae;Meleagris;Meleagris gallopavo,Chordata;Aves;Passeriformes;Thraupidae;__;__,Chordata;Aves;Passeriformes;Zosteropidae;Zosterops;Zosterops japonicus,Chordata;Aves;Psittaciformes;Psittacidae;Cyanoramphus;Cyanoramphus novaezelandiae,Chordata;Aves;Sphenisciformes;Spheniscidae;Megadyptes;Megadyptes antipodes,Chordata;Aves;Sphenisciformes;Spheniscidae;__;__,Chordata;Mammalia;Carnivora;Felidae;Felis;__,Chordata;Mammalia;Carnivora;Otariidae;Arctocephalus;Arctocephalus australis,Chordata;Mammalia;Carnivora;Otariidae;Arctocephalus;__,Chordata;Mammalia;Carnivora;Otariidae;Phocarctos;Phocarctos hookeri,Chordata;Mammalia;Diprotodontia;Phalangeridae;Trichosurus;Trichosurus vulpecula,Chordata;Mammalia;Insectivora;Erinaceidae;Erinaceus;Erinaceus europaeus,Chordata;Mammalia;NA;Bovidae;Bos;Bos indicus,Chordata;Mammalia;NA;Bovidae;Bos;Bos javanicus,Chordata;Mammalia;NA;Bovidae;Ovis;__,Chordata;Mammalia;Rodentia;Muridae;Mus;Mus musculus,Chordata;Mammalia;Rodentia;Muridae;Rattus;Rattus rattus,Chordata;Mammalia;__;__;__;__,Chordata;NA;Petromyzontiformes;Petromyzontidae;Lampetra;__,Chordata;__;__;__;__;__,Cnidaria;Scyphozoa;Semaeostomeae;Cyaneidae;Cyanea;__,Cnidaria;Scyphozoa;Semaeostomeae;Ulmaridae;Phacellophora;Phacellophora sp. NA,Echinodermata;Holothuroidea;Dendrochirotida;Heterothyonidae;Heterothyone;Heterothyone alba,Echinodermata;Holothuroidea;__;__;__;__,Echinodermata;__;__;__;__;__,Mollusca;Cephalopoda;Octopoda;Argonautidae;Argonauta;Argonauta nodosa,Mollusca;Cephalopoda;Octopoda;Octopodidae;Enteroctopus;Enteroctopus megalocyathus,Mollusca;Cephalopoda;Octopoda;Octopodidae;Macroctopus;Macroctopus maorum,Mollusca;Cephalopoda;Octopoda;Octopodidae;Octopus;__,Mollusca;Cephalopoda;Teuthida;Cranchiidae;Teuthowenia;Teuthowenia megalops,Mollusca;Cephalopoda;Teuthida;Octopoteuthidae;__;__,Mollusca;Cephalopoda;Teuthida;Ommastrephidae;Nototodarus;__,Mollusca;Cephalopoda;Teuthida;Onychoteuthidae;Moroteuthopsis;Moroteuthopsis aff. ingens HEB-2018,Mollusca;Cephalopoda;Teuthida;__;__;__,Mollusca;Gastropoda;NA;Turritellidae;Maoricolpus;Maoricolpus roseus,Nemertea;Enopla;Monostilifera;__;__;__,Porifera;Demospongiae;Spongillida;Spongillidae;Eunapius;Eunapius subterraneus,Unassigned;__;__;__;__;__,total
S10,0,0,0,0,0,0,0,0,0,0,0,0,24,0,0,0,0,0,0,0,0,0,0,0,0,0,0,0,0,0,0,0,0,0,0,0,0,0,0,0,0,0,0,0,0,0,0,0,0,0,0,26,0,0,0,0,0,0,0,0,0,0,0,0,6,0,0,0,0,0,0,281,0,0,4246,0,0,0,0,0,0,0,15812,0,0,0,0,0,0,0,0,0,0,0,0,0,0,0,0,0,0,0,0,0,0,0,0,0,0,0,0,0,0,0,0,17,20395
S100,0,0,0,0,0,0,0,0,0,0,0,0,28,0,0,0,0,0,0,0,0,72,0,0,0,0,0,0,0,0,0,0,0,0,0,0,0,0,0,0,0,0,0,0,0,0,0,0,0,0,0,42,0,0,0,0,0,0,0,0,0,0,0,0,0,0,0,0,0,0,0,2183,0,0,6371,0,0,0,0,0,0,0,5190,0,0,0,0,0,0,0,0,7,0,0,0,0,0,0,0,0,0,0,0,0,0,0,13,0,0,16,0,0,0,0,0,52,13922
S101,0,0,0,0,0,0,0,0,0,0,0,0,153,0,0,0,0,0,0,0,0,206,26,0,0,221,0,0,0,0,0,0,0,0,0,0,0,0,0,0,0,0,0,0,0,0,0,0,0,0,0,735,0,0,0,36,0,0,0,0,0,0,0,0,0,0,0,0,0,0,0,4360,0,0,9164,0,0,0,0,0,0,0,273,0,0,0,0,0,0,0,0,0,0,0,0,0,0,66,0,0,0,0,0,0,0,0,0,0,0,0,0,0,0,0,0,1714,15240
S102,0,0,0,0,0,0,0,0,0,0,0,0,27,0,0,0,0,0,0,0,0,0,0,0,0,0,0,0,29,0,0,0,0,0,0,0,0,0,0,0,0,0,0,0,0,0,0,0,0,0,0,44,0,0,0,0,0,0,0,0,0,0,9,0,96,0,0,0,0,0,0,754,0,0,7367,0,0,0,0,0,0,0,7722,0,0,0,0,0,0,0,0,0,0,0,0,0,0,454,0,0,0,0,0,0,0,0,0,0,0,0,0,0,0,0,0,790,16502
S103,0,0,0,0,0,0,0,0,0,0,0,0,35,0,0,0,0,66,0,0,174,955,0,0,0,0,0,0,0,0,0,0,0,0,0,0,0,0,0,0,32,0,0,0,0,0,0,0,0,0,0,0,0,0,0,0,121,0,0,0,0,356,0,0,0,0,0,0,0,0,0,1091,0,0,302,0,0,0,0,0,0,0,14180,0,0,0,0,16,0,0,0,0,0,0,0,0,0,1644,0,0,0,0,0,0,0,0,0,0,34,0,0,0,0,0,0,792,19006
S104,0,0,0,0,0,0,0,0,0,0,0,0,32,12,0,0,0,0,0,0,0,0,0,0,0,0,0,0,17,0,0,0,0,0,0,0,0,0,0,0,0,0,0,0,0,0,0,0,0,0,0,54,0,0,0,0,0,0,0,0,0,0,14,0,0,0,0,0,0,0,0,2377,0,0,6161,0,0,0,0,0,0,0,13002,0,0,28,0,0,0,0,0,0,0,0,0,0,0,991,0,0,0,0,0,0,0,0,0,0,0,0,0,0,0,0,0,1142,22688
S105,0,0,0,0,0,0,0,0,0,0,0,0,105,0,0,0,0,0,0,0,0,64,0,0,0,127,0,0,0,0,0,0,0,0,0,0,0,0,0,0,0,0,0,0,0,0,0,0,0,0,0,180,0,0,0,0,0,0,0,0,0,0,0,0,0,0,0,0,0,0,0,2433,0,0,15375,0,0,0,0,0,0,0,2185,0,0,0,0,29,0,0,0,0,0,0,0,0,0,1592,0,0,0,0,0,0,0,0,0,0,0,0,0,0,0,0,0,2354,22090
S106,0,0,0,0,0,0,0,0,0,0,0,0,7840,41,0,0,0,0,0,0,0,2322,0,0,0,69,0,0,77,0,0,0,0,0,0,0,0,0,0,0,0,0,0,0,0,0,0,0,0,0,0,0,0,0,0,0,0,0,0,0,0,909,98,107,8,0,0,61,0,0,0,4236,0,0,2680,0,0,0,0,0,0,0,784,0,0,0,0,47,0,0,0,0,0,0,0,0,0,3184,0,0,0,0,0,0,21,0,0,0,0,78,0,0,0,0,0,490,22562
S107,0,0,0,0,0,0,0,0,0,0,0,0,0,0,0,0,0,0,0,0,0,0,0,0,0,0,0,0,33,0,0,0,0,0,0,0,0,0,0,0,0,0,0,0,0,0,0,0,0,0,0,0,0,0,0,0,0,0,0,0,0,0,0,0,0,0,0,0,0,0,0,3626,0,0,6258,0,0,0,0,0,0,0,11893,0,0,0,0,0,0,0,0,0,0,0,0,0,0,6066,0,0,0,0,0,0,0,0,0,0,0,0,0,0,0,0,0,6205,27876
S108,0,0,0,0,0,0,0,0,0,0,0,0,25,0,0,0,0,0,0,0,0,0,0,0,0,185,0,0,0,0,0,0,0,0,0,0,0,0,0,0,0,0,0,0,0,0,0,0,0,0,0,0,0,0,0,0,0,0,0,0,0,0,0,0,0,0,0,64,0,0,0,7565,0,0,8082,0,0,0,0,0,0,0,2502,0,0,0,0,0,0,0,0,0,0,0,0,0,0,6388,0,0,0,0,0,0,100,0,0,0,0,0,0,0,0,0,0,3492,24911
S109,0,0,0,0,0,0,0,0,0,0,0,0,22,0,0,0,0,0,0,0,0,830,0,0,0,7,0,0,0,0,0,0,0,0,0,0,0,1680,0,526,1606,0,0,0,0,0,0,0,0,0,0,0,0,0,0,0,0,0,0,0,0,0,7017,0,0,0,0,24,0,0,0,951,0,0,5150,0,0,0,0,0,0,0,10506,0,0,0,0,0,0,0,0,0,4,0,0,0,0,5930,18,0,0,0,0,0,16,0,0,0,0,0,0,0,0,0,0,13101,34287
S11,0,0,0,0,0,0,0,0,0,0,0,0,3899,0,0,0,0,0,0,0,0,670,0,0,0,309,198,0,0,0,0,0,0,0,0,0,0,0,0,0,0,0,0,0,0,0,0,0,0,0,0,3065,0,0,0,0,0,0,0,0,0,927,23,0,0,0,0,0,0,0,0,286,0,0,6289,0,0,0,0,0,0,0,1149,0,0,0,0,162,0,0,0,0,0,0,0,0,0,1111,0,0,0,0,0,0,0,0,0,0,0,0,0,0,0,0,0,3132,18088
S110,0,0,0,0,0,0,0,0,0,0,0,0,82,0,0,0,0,0,0,0,0,473,0,0,0,89,0,0,0,0,0,0,0,0,0,0,0,0,0,0,0,0,0,0,0,0,0,0,0,0,0,117,0,0,0,0,0,0,0,0,0,175,0,0,0,0,0,0,0,0,0,429,0,0,3983,0,0,0,0,0,0,0,7538,0,0,0,0,0,0,0,0,0,0,0,0,0,0,724,0,0,0,0,0,0,0,0,0,0,0,0,0,0,0,0,0,846,13610
S111,0,0,0,0,0,0,0,0,0,0,0,0,466,0,0,0,0,0,0,0,86,1736,0,0,0,49,0,0,0,0,0,0,0,0,0,0,0,0,0,0,0,0,0,0,0,0,0,0,0,0,0,101,0,0,0,0,0,0,0,0,0,1063,0,0,0,0,0,0,0,0,0,1966,0,0,766,0,0,0,0,0,0,0,690,0,0,0,0,0,0,0,0,0,0,0,0,0,0,3771,0,0,0,0,0,0,0,0,0,0,0,375,0,0,0,0,0,1961,11069
S112,0,0,0,0,0,0,0,0,0,0,0,0,108,0,0,0,0,0,0,0,0,0,0,0,0,8255,0,0,355,0,0,0,0,0,0,0,0,0,0,0,169,0,0,0,0,0,0,0,0,0,0,0,0,0,0,0,0,0,0,0,0,0,23,0,0,0,0,0,0,0,0,3410,0,0,7469,0,0,0,0,0,0,0,430,0,0,0,0,0,0,0,0,0,0,0,0,0,0,4690,0,0,0,0,0,0,0,0,0,0,0,20,0,0,0,0,0,3963,24929
S113,0,0,0,0,0,0,0,0,0,0,0,0,62,0,0,0,0,0,0,0,0,538,0,0,0,0,0,0,0,0,0,0,0,0,0,0,0,0,0,0,0,0,0,0,0,0,0,0,0,0,0,67,0,0,0,0,27,0,0,0,0,278,0,0,0,0,0,0,0,0,0,735,0,0,2672,0,0,0,0,0,0,0,15547,0,0,0,0,235,0,0,0,0,0,0,0,0,0,532,0,0,0,0,0,0,0,0,0,0,0,134,0,0,0,0,0,200,20827
S114,0,0,0,0,0,0,0,0,85,0,0,0,257,0,0,0,52,0,0,0,0,2279,0,0,0,0,0,0,0,0,0,0,0,0,0,0,0,0,81,0,0,0,0,0,0,0,0,0,0,0,0,171,0,0,0,0,0,0,0,0,0,852,12,0,0,0,0,31,0,0,0,4045,0,0,7903,0,0,0,0,0,0,0,534,0,0,0,0,0,0,0,0,0,0,0,0,0,0,3029,0,0,0,0,0,0,0,0,0,0,0,0,0,0,0,0,0,363,19331
S115,0,0,0,0,0,0,0,0,0,0,0,0,136,0,0,0,0,0,0,0,0,649,0,0,0,152,0,0,0,0,0,0,0,0,0,0,0,0,0,0,0,0,0,0,0,0,0,0,0,0,0,77,0,0,0,0,0,37,0,0,0,391,0,0,0,0,0,0,0,0,0,12883,0,0,12925,0,0,0,0,0,0,0,11356,0,0,0,0,0,0,0,0,0,0,0,0,0,0,7306,0,0,0,0,0,0,9,0,0,0,0,0,0,0,0,0,0,4396,45921
S116,0,0,0,0,0,0,0,0,0,0,0,0,269,0,0,0,0,0,0,0,0,3738,0,0,0,141,0,0,0,0,0,0,0,0,0,0,0,37,0,0,0,0,0,0,0,0,0,0,0,0,0,72,0,0,0,0,0,0,0,0,0,2415,0,0,0,0,0,0,0,0,0,7250,0,0,516,0,0,0,0,0,0,0,557,0,0,0,0,77,0,0,0,0,0,0,0,13,0,5456,0,0,0,0,0,0,0,0,0,0,0,0,0,0,0,0,0,2154,20541
S117,0,0,0,0,0,0,0,0,0,0,0,0,288,10385,0,0,0,0,0,0,0,38,0,0,0,27,0,0,0,0,0,0,0,0,0,0,0,0,0,0,0,0,0,0,0,0,0,0,0,0,0,0,0,0,0,0,0,0,0,0,145,0,0,0,26,0,0,2025,0,0,0,110,0,0,122,0,0,0,0,0,0,0,4471,0,0,0,0,35,0,0,0,0,0,0,0,0,0,1063,0,0,0,0,0,0,0,0,0,0,0,0,0,0,0,0,0,1856,18735
S118,0,0,0,0,0,0,0,0,0,0,0,0,13,24,0,0,0,0,0,0,0,24,0,0,0,0,0,0,0,0,0,0,0,0,0,0,0,0,0,0,0,0,0,967,0,0,0,0,0,0,0,0,0,0,0,0,0,0,0,0,0,0,0,0,6,0,0,0,0,0,0,494,0,0,1994,0,0,0,0,0,0,0,15807,0,0,0,0,0,0,0,0,0,0,0,0,0,0,0,0,0,0,0,0,0,0,0,0,0,0,0,0,0,0,0,0,125,19329
S119,0,0,0,0,0,0,0,0,0,0,0,0,176,0,0,0,0,0,0,0,0,0,0,0,0,0,0,0,0,0,0,0,0,0,0,0,0,0,0,0,0,0,0,0,0,0,0,0,0,0,0,0,0,0,0,0,0,0,0,0,0,0,113,0,0,0,0,0,0,0,0,5894,0,0,12632,0,0,0,0,0,0,0,11893,0,0,0,0,0,0,0,0,0,0,0,0,0,0,13,0,0,0,0,0,0,0,0,0,0,0,160,0,0,0,0,0,229,30881
S12,0,0,0,0,0,0,0,0,0,0,0,0,1222,0,0,0,0,0,0,0,0,651,0,0,0,154,0,0,168,0,0,0,0,0,0,0,0,0,0,0,0,0,0,0,0,0,0,0,0,0,0,939,0,0,0,0,0,323,0,0,0,0,0,0,0,0,0,0,0,0,0,906,0,0,2381,0,0,0,0,0,0,0,110,0,0,0,0,0,0,0,0,0,0,0,0,0,0,1352,0,0,0,0,0,0,0,0,0,0,0,0,0,0,0,0,0,1783,8206
S120,0,0,0,0,0,0,0,0,0,0,0,0,837,0,0,0,0,0,0,0,0,1500,0,10,0,15,0,0,0,0,0,0,0,0,0,0,0,0,6,0,0,0,0,0,0,0,0,0,0,0,0,137,0,0,0,0,0,0,0,0,0,0,0,0,0,0,0,0,0,0,0,6115,0,0,6706,0,0,0,0,0,0,0,12066,0,0,0,0,27,0,0,0,0,0,0,0,0,0,307,0,0,0,0,0,0,0,0,0,0,0,13,0,0,0,0,0,2002,27739
S121,0,0,0,0,0,0,0,0,0,0,0,0,7767,0,0,0,0,0,0,0,0,0,0,0,0,219,0,0,0,0,0,0,0,0,0,0,0,0,0,0,0,0,0,0,0,0,0,0,0,0,0,60,0,0,0,0,171,0,0,0,0,0,0,0,0,0,0,0,0,0,0,0,0,0,1757,0,0,0,0,0,0,0,12070,0,0,0,0,0,0,0,0,0,0,0,0,0,0,0,0,0,0,0,0,0,0,0,0,0,0,0,0,121,0,0,0,138,22165
S122,0,0,0,0,0,0,0,0,0,0,0,0,10,0,0,0,0,0,0,0,0,81,0,0,0,0,0,0,0,0,0,0,0,0,0,0,0,0,0,0,21,0,0,0,0,0,0,0,0,0,0,0,0,0,0,0,0,0,0,0,0,0,587,0,0,0,0,0,0,0,0,0,0,0,6812,0,0,0,0,0,0,0,607,0,0,0,0,0,0,0,0,0,0,0,0,0,0,4339,0,0,0,0,0,0,0,0,0,0,0,0,0,0,0,0,0,9791,12457
S123,30,0,0,0,0,0,0,0,0,0,0,0,36,0,0,0,0,0,0,0,8,0,0,0,0,0,0,0,0,0,0,121,0,0,0,0,0,283,56,91,274,0,0,0,0,0,0,0,0,0,0,0,0,0,0,0,0,0,0,0,0,0,14719,0,0,0,0,0,0,0,0,31,0,0,3395,0,0,0,0,0,0,0,603,0,0,0,0,0,0,0,0,0,0,0,0,0,0,944,0,0,0,0,0,0,0,0,0,0,0,0,0,0,0,0,0,3287,20591
S124,0,0,0,0,0,0,0,0,0,30,0,0,1769,0,0,0,0,0,0,0,0,164,0,0,0,13,0,0,0,0,0,0,0,0,0,0,0,0,0,0,0,0,0,0,0,0,0,0,0,0,0,0,0,0,0,0,0,0,0,0,0,0,0,0,0,0,0,0,0,0,0,587,0,0,5358,8,0,0,0,0,0,0,12985,0,0,0,0,13,0,0,0,0,0,0,52,0,0,920,0,0,0,0,0,0,0,0,0,0,0,0,0,0,0,0,0,6678,21899
S125,0,0,0,0,0,0,0,0,0,0,0,0,396,0,0,0,0,0,0,0,0,34,0,0,0,0,0,0,0,0,0,0,0,0,0,0,0,0,0,0,0,0,0,0,0,0,0,0,0,0,0,0,0,0,0,0,0,0,0,0,0,0,0,0,0,0,0,0,0,0,0,2376,0,0,5522,0,0,0,0,0,0,0,9068,0,0,0,0,0,0,0,0,0,0,0,0,0,0,214,0,0,0,0,0,0,0,0,0,0,0,292,0,0,0,0,0,568,17902
S126,0,0,0,0,0,0,0,0,0,0,0,0,1861,0,0,0,0,0,0,0,0,412,0,0,0,0,0,0,26,0,0,0,0,0,0,0,0,44,0,80,200,0,0,0,0,0,0,0,0,0,0,0,0,0,0,0,0,0,0,0,0,0,516,0,0,0,33,0,0,0,0,355,0,0,2623,0,0,0,0,0,0,0,9778,0,0,0,0,0,0,0,0,0,0,0,0,0,0,622,0,0,0,0,0,0,0,0,0,0,0,0,0,0,0,0,0,1345,16550
S127,0,0,0,0,0,0,0,0,0,0,0,0,6432,0,0,0,0,0,0,0,0,605,0,0,0,66,0,0,256,0,0,0,0,0,0,0,0,24,0,0,0,0,0,0,0,0,0,0,0,0,0,146,0,0,0,0,0,0,0,0,0,138,0,0,0,0,0,88,0,0,0,315,0,0,7890,0,0,0,0,0,0,0,612,0,0,0,0,119,0,0,0,0,0,0,0,0,0,821,0,0,0,0,0,0,0,0,0,0,0,0,0,0,0,0,0,1554,17512
S128,0,0,0,0,0,0,0,0,0,0,0,0,183,0,0,0,0,0,0,0,0,0,0,0,0,602,0,0,0,0,0,0,0,0,0,0,0,0,0,0,161,0,0,0,0,0,0,0,0,0,0,0,0,0,0,0,0,0,0,0,0,0,0,0,0,0,0,0,10,0,0,6146,0,0,12274,0,0,0,0,0,0,0,126,0,0,0,0,0,0,0,0,0,0,0,0,0,0,209,0,0,0,0,0,0,0,0,0,0,0,0,0,0,0,0,0,227,19711
S129,0,0,0,0,0,0,0,0,0,0,0,0,33,47,0,0,0,0,0,0,19,0,0,0,0,32,0,0,1422,0,0,0,0,0,0,0,0,0,0,0,0,0,0,0,0,0,0,0,0,0,0,0,0,0,0,0,0,0,0,0,0,0,0,0,0,0,0,0,83,0,0,1252,0,0,6977,0,0,0,0,0,0,0,2728,0,0,0,0,0,134,0,0,0,0,4,0,0,0,83,0,0,0,0,0,0,0,0,55,0,0,71,0,0,0,0,0,3054,12940
S13,0,0,0,0,0,0,0,0,0,0,0,0,638,0,0,0,0,0,0,0,0,0,0,0,0,0,0,0,9296,0,0,0,0,0,0,0,0,0,0,0,0,0,0,0,0,0,0,0,0,0,0,0,0,0,0,0,0,0,0,0,0,0,315,0,480,0,0,0,0,0,0,224,0,0,1838,0,0,0,0,0,0,0,1398,0,0,0,0,0,0,0,0,0,0,0,0,0,0,0,0,0,0,0,0,0,0,0,0,0,0,0,0,0,0,0,0,285,14189
S130,0,0,0,0,0,0,0,0,0,0,0,0,68,0,0,0,0,0,0,0,0,109,0,0,0,0,0,0,0,0,0,0,0,0,0,0,0,0,0,0,0,0,0,0,0,0,0,0,0,0,0,0,0,0,0,0,0,0,0,0,0,0,0,0,0,0,0,0,0,0,0,97,40,0,125,0,0,0,0,0,0,0,7541,0,0,0,0,0,0,0,0,0,0,0,0,0,0,0,0,0,0,0,0,0,0,0,0,0,0,0,0,0,0,0,0,186,7980
S131,0,0,0,0,0,0,0,0,0,0,0,0,0,0,0,0,0,0,0,0,0,0,0,0,0,0,0,0,19884,0,0,0,0,0,0,0,0,0,0,0,0,0,0,0,0,0,0,0,0,0,0,39,0,0,0,0,0,0,20,0,0,725,0,0,0,0,0,0,481,0,0,0,0,0,14,0,0,0,0,0,0,0,1823,0,0,0,0,0,0,0,0,0,0,0,0,0,0,0,0,0,0,0,0,0,0,0,0,0,0,0,0,0,0,0,0,0,22986
S132,0,0,0,0,0,0,0,0,0,0,0,0,783,0,0,0,0,0,0,0,0,0,0,0,0,15,0,0,1264,0,0,0,0,0,0,0,0,0,0,0,10,0,0,0,0,0,0,0,0,0,0,0,0,0,0,0,0,0,0,0,0,0,0,0,0,0,0,0,0,0,0,1100,0,0,4720,0,0,0,0,0,0,0,7801,0,0,0,0,0,0,0,0,0,0,0,0,0,0,311,0,0,0,0,0,0,0,0,0,0,0,0,0,0,0,0,0,398,16004
S133,0,0,0,0,0,0,0,0,0,0,0,0,1336,0,0,0,0,0,0,0,0,103,0,0,0,0,0,0,0,0,0,0,0,0,0,0,0,0,0,0,0,0,0,0,0,0,0,0,0,0,0,31,0,0,0,0,0,0,0,0,0,26,16,0,0,0,0,0,0,0,0,186,0,0,2935,0,0,0,0,0,0,0,14166,0,0,0,0,0,0,0,0,0,0,0,0,0,0,368,0,0,0,0,0,0,0,0,0,0,0,0,0,0,0,0,0,710,19167
S134,0,0,0,116,0,0,0,0,0,0,0,0,2219,0,0,0,0,0,0,0,0,32,0,0,0,0,0,0,925,0,0,0,0,0,0,0,0,504,0,115,481,0,0,0,0,0,0,0,0,0,0,0,0,0,0,0,0,0,0,0,0,0,232,0,0,0,2330,0,1746,151,222,5096,0,0,17166,0,0,0,0,0,0,0,14313,0,0,0,0,9,9,0,0,0,0,0,0,0,0,392,0,0,0,0,0,0,0,0,0,0,0,0,17,0,0,0,0,1418,46075
S135,0,0,0,0,0,0,0,0,0,0,0,0,470,5,0,0,0,0,0,0,0,0,0,0,0,135,0,0,0,0,0,0,0,0,0,0,0,0,0,0,0,0,0,0,0,0,0,0,0,0,0,0,0,0,0,0,0,0,0,0,0,0,0,0,0,0,0,0,50,0,0,1183,0,0,2363,0,0,0,0,0,0,0,7708,0,0,0,0,0,0,0,5,0,0,0,0,0,0,0,0,0,0,0,0,0,0,0,0,0,0,0,0,0,0,0,0,667,11919
S136,0,0,0,0,0,0,0,0,0,0,0,0,56,0,0,0,0,0,0,0,0,9,0,0,0,0,0,0,0,0,0,0,0,0,0,0,0,0,0,0,0,0,0,0,0,0,0,0,0,0,0,0,0,0,0,0,0,0,0,0,0,0,0,0,2,0,0,0,0,0,0,5279,0,0,4915,0,0,0,0,0,0,0,8780,0,0,0,0,0,0,0,0,0,0,0,0,0,0,10,0,0,0,0,0,0,0,0,70,0,0,42,0,0,0,0,0,236,total
S137,0,0,0,0,0,0,0,0,0,0,0,0,7,0,0,0,0,0,0,0,0,0,0,0,0,0,0,0,0,0,0,0,0,0,0,0,0,0,0,0,0,0,0,0,0,0,0,0,0,0,0,0,0,0,0,0,0,0,0,0,0,0,133,0,0,0,0,0,0,0,0,10062,0,0,13664,0,0,0,0,0,0,0,176,0,0,0,0,0,0,0,0,0,0,0,0,0,0,8,0,0,0,0,0,0,24,0,0,0,0,0,0,0,0,0,0,118,24074
S138,0,0,0,0,0,0,0,0,0,0,0,0,0,0,0,0,0,0,0,0,0,0,0,0,0,0,0,0,0,0,0,0,0,0,0,0,0,0,0,0,0,0,0,0,0,0,0,0,0,0,0,0,0,0,0,0,0,0,0,0,0,0,384,0,0,0,0,0,0,0,0,0,0,0,664,0,0,0,0,0,0,0,338,0,0,0,0,0,0,0,0,0,0,0,0,0,35,5550,0,0,0,0,0,0,0,0,46,0,0,0,0,0,0,0,0,16322,7017
S139,0,0,0,0,0,0,0,0,0,0,0,0,14,0,0,0,0,0,0,0,0,60,0,0,0,0,0,0,0,0,0,0,0,0,0,0,0,0,0,0,0,0,0,0,0,0,0,0,0,0,0,0,0,0,0,0,0,0,0,0,0,0,3713,0,0,0,0,0,0,0,0,565,0,0,4731,0,0,0,0,0,0,0,1819,0,0,0,0,0,0,0,0,0,0,0,0,0,0,1768,0,0,0,0,0,0,0,0,5,0,0,0,0,0,0,0,0,5750,12675
S14,0,0,0,0,7,0,0,0,0,0,0,0,21,0,0,0,0,0,0,0,0,0,0,0,0,0,0,0,0,0,0,0,0,0,0,0,0,3520,528,1059,3316,0,0,0,0,0,0,0,0,0,0,121,0,0,0,0,0,0,39,0,0,0,13265,0,0,0,0,0,52,0,0,0,0,0,3050,0,0,0,0,0,0,0,227,0,0,0,0,0,0,0,0,0,0,0,0,0,0,0,153,0,0,0,0,0,0,0,0,0,0,12,0,0,0,0,0,266,25370
S140,0,0,0,0,0,0,0,0,0,0,0,0,1276,0,0,0,0,0,0,0,0,23,0,0,0,0,0,0,0,0,0,0,0,0,0,0,0,0,0,0,0,0,0,0,0,0,0,0,0,0,0,88,0,0,0,0,0,0,0,0,0,35,0,0,0,0,0,0,0,0,0,1291,0,0,8283,0,0,0,0,0,0,0,11567,0,0,0,0,0,0,0,0,0,0,0,0,0,0,1447,0,0,0,0,0,0,0,0,0,0,0,0,0,0,0,0,0,2585,24010
S141,0,0,0,0,0,0,0,0,0,0,0,0,98,0,0,0,0,0,0,0,0,20,0,0,0,0,0,0,0,0,0,0,0,0,0,0,0,0,24,0,0,0,0,0,0,0,0,0,0,0,0,0,0,0,0,0,0,0,0,0,0,0,34,0,0,0,34,0,0,0,0,2437,0,0,1628,0,0,0,0,0,0,0,4817,0,0,0,0,0,0,0,0,0,0,0,0,0,0,0,0,0,0,0,0,0,0,0,8,0,0,0,0,0,0,0,0,193,9100
S142,0,0,0,0,0,0,0,0,0,0,0,0,1683,0,0,0,0,0,0,0,0,88,0,0,0,0,0,0,0,0,103,0,0,0,0,0,0,0,13,0,85,0,0,0,0,0,0,0,0,0,0,30,0,0,0,0,0,0,0,0,0,0,3424,470,0,0,0,0,0,0,0,126,0,0,7919,0,0,0,0,0,0,0,3157,0,0,0,0,0,0,0,0,0,0,0,0,0,0,364,0,0,0,0,0,0,0,0,0,0,0,185,0,0,0,0,0,638,17647
S143,0,0,0,0,0,0,0,0,0,0,0,0,147,0,0,0,0,0,0,0,0,0,0,0,0,22,0,0,29,0,0,0,0,0,0,0,0,0,0,0,0,0,0,0,0,0,0,0,0,13,0,0,0,0,0,0,0,0,0,0,0,0,0,0,0,0,0,0,0,0,0,0,0,0,24792,0,0,0,0,0,0,0,280,0,0,0,0,0,0,0,0,0,0,0,0,0,0,41,0,0,0,0,0,0,0,0,0,0,0,0,0,0,0,0,0,596,25324
S144,0,0,0,0,0,0,0,0,0,0,0,0,53,0,0,0,0,0,0,0,0,0,0,0,0,0,0,0,0,0,0,0,0,0,0,0,0,0,0,0,0,0,0,0,0,0,0,0,0,0,0,159,0,0,0,0,0,0,0,0,0,0,0,0,0,0,0,0,0,0,0,112,0,0,0,0,0,0,0,0,0,0,14943,0,0,0,0,0,0,0,0,0,0,0,0,0,0,0,0,0,0,0,0,0,0,0,0,0,0,0,0,0,0,0,0,155,15267
S145,0,0,0,0,0,0,0,0,0,0,0,0,40,0,0,0,0,0,0,0,0,0,0,0,0,0,0,0,108,0,0,0,0,0,0,0,0,378,0,117,362,0,0,0,0,0,0,0,0,0,0,84,0,0,0,0,0,0,0,0,0,0,0,0,0,0,0,0,0,0,0,0,0,0,15579,0,0,0,0,0,0,0,378,0,0,0,0,0,0,0,0,0,0,0,0,0,0,398,0,0,0,0,0,0,0,0,0,0,0,0,0,0,0,0,0,2283,17444
S146,0,0,0,0,0,0,0,0,0,0,0,0,2603,0,0,0,0,0,0,0,0,148,0,0,0,3447,0,0,0,0,8,0,17,0,0,0,0,0,0,0,0,0,0,0,0,0,0,0,0,0,0,0,0,0,0,0,0,0,0,0,0,29,188,0,0,0,7,0,225,0,59,2993,0,0,9267,0,0,0,0,0,0,0,3406,0,0,0,0,16,0,0,0,0,0,0,0,0,0,590,0,0,0,0,0,0,0,0,0,0,0,31,0,0,0,0,0,2206,23034
S147,0,0,0,0,0,0,0,0,0,0,0,0,6,0,0,0,0,0,0,0,0,0,0,0,0,0,0,0,569,0,0,0,0,0,0,0,0,0,0,0,0,0,0,0,0,0,0,0,0,0,0,0,0,0,0,0,0,0,0,0,0,0,0,240,0,0,0,0,0,0,0,3588,0,0,2546,0,0,0,0,0,0,0,1582,0,0,0,0,0,0,0,0,0,0,0,0,0,0,0,0,0,0,0,0,0,0,0,0,0,0,0,0,0,0,0,0,182,8531
S148,0,0,0,0,0,0,0,0,0,0,0,0,191,0,0,0,0,0,0,0,0,24,0,0,0,0,0,0,0,0,0,21,0,0,0,0,0,1654,31,559,1724,0,0,0,0,0,0,0,0,0,0,0,0,0,0,0,0,0,257,0,0,27,0,0,0,0,0,0,0,0,0,25,0,0,21,0,0,0,0,0,0,0,1015,0,0,0,0,0,0,0,0,0,0,0,0,0,0,1603,0,0,0,0,0,0,0,0,0,43,0,0,0,0,0,0,0,13005,7195
S149,0,0,0,0,0,0,0,0,0,0,0,0,1051,0,0,0,0,0,0,0,0,77,0,0,0,0,0,0,0,0,0,0,0,0,0,0,0,71,0,0,115,0,0,0,0,0,0,0,0,0,0,0,0,0,0,27,0,0,0,0,0,0,0,0,0,0,0,0,0,0,0,3909,0,0,8815,0,0,0,0,0,0,0,5849,0,0,0,0,0,0,0,0,0,0,0,0,0,0,141,0,0,0,0,0,0,0,0,0,0,0,0,0,0,7,0,0,901,20062
S15,0,0,0,0,0,0,0,0,0,0,0,0,37,0,0,0,0,0,0,0,0,149,0,0,0,0,0,0,0,0,0,0,0,0,0,0,0,120,0,0,0,0,0,0,0,0,0,0,0,0,0,0,0,0,0,0,0,0,0,0,0,63,181,0,0,0,0,0,0,0,0,356,0,0,2903,0,0,0,0,0,0,0,1229,0,0,0,0,0,0,0,0,0,0,0,0,0,0,29,0,0,0,0,0,0,0,0,0,0,0,0,0,0,0,0,0,276,5067
S150,0,0,0,0,0,0,0,0,0,0,0,0,1283,0,0,0,0,0,0,0,0,339,0,0,0,0,0,0,37,0,0,0,0,0,0,0,0,0,0,0,0,0,0,0,0,0,0,0,0,0,0,0,0,0,0,0,0,0,0,0,0,0,0,0,0,0,0,17,0,0,0,1411,0,0,11647,0,0,0,0,0,0,0,1488,0,0,0,0,34,0,0,0,0,0,0,0,0,0,115,0,0,0,0,0,0,0,0,0,0,0,46,0,0,0,0,0,712,16417
S151,0,0,0,0,0,0,6833,0,0,0,0,0,11,309,0,0,0,0,0,0,0,14,0,0,0,0,0,0,400,0,0,0,0,0,0,0,0,0,0,0,0,0,0,0,0,0,0,0,0,0,0,0,0,0,0,0,0,0,7,0,0,0,34,0,0,0,0,0,7,0,0,485,0,0,2822,0,0,0,0,0,0,0,781,0,0,0,0,0,12,0,0,0,0,0,0,0,0,27,0,0,0,0,0,0,0,0,8,0,0,22,0,0,0,0,0,4918,11772
S152,0,0,0,0,0,0,0,0,0,0,0,0,436,0,0,0,0,0,0,0,0,15,0,0,0,117,0,0,0,0,0,0,0,0,0,0,0,1172,0,405,1149,0,0,0,0,0,0,0,0,0,0,0,0,0,0,0,0,0,0,0,0,0,0,0,0,0,0,0,0,0,0,1024,0,0,9434,0,0,0,0,0,0,0,5205,0,0,0,0,0,0,0,0,0,0,0,0,0,0,1345,0,0,0,0,0,0,0,0,0,0,0,155,0,0,0,6,0,2201,20463
S153,0,0,0,0,0,0,0,0,0,0,0,0,0,0,0,0,0,0,0,0,0,0,0,0,0,0,0,0,614,0,0,0,0,0,0,0,0,0,0,0,0,0,0,0,0,0,0,0,0,0,0,15,0,0,0,0,0,0,0,0,0,0,0,0,0,0,0,0,0,0,0,1454,0,0,2894,0,0,0,0,0,0,0,3287,0,0,0,0,0,18,0,0,0,0,0,0,0,0,44,0,0,0,0,0,0,0,0,56,0,0,70,0,0,0,0,0,4138,8452
S154,0,0,0,0,0,0,0,0,0,0,0,0,125,0,0,0,0,0,0,0,0,34,0,0,0,0,0,0,0,0,0,0,0,0,0,0,0,0,0,0,0,0,0,0,0,0,0,0,0,0,0,0,0,0,19,0,0,0,0,0,0,0,0,0,0,0,0,0,0,0,0,188,0,0,0,0,0,0,0,0,0,0,0,0,0,0,0,0,0,0,0,0,0,0,0,0,0,199,0,0,0,0,0,0,0,0,0,0,0,0,0,0,0,0,0,361,565
S155,0,0,0,0,0,0,0,0,0,0,0,0,689,0,0,0,0,0,0,0,0,0,0,0,0,0,0,0,475,0,0,0,0,0,0,0,0,60,43,65,142,0,0,0,0,0,0,0,0,0,0,0,0,0,0,0,0,0,0,0,0,0,0,0,0,0,13,0,0,0,0,3827,0,0,5796,0,0,0,0,0,0,0,1127,0,0,0,0,0,0,0,0,0,0,0,0,0,0,115,0,0,0,0,0,0,0,0,0,0,0,0,95,0,0,0,0,1626,12447
S156,0,0,0,0,0,0,0,0,0,0,0,0,7427,0,0,0,0,0,0,0,0,1294,0,0,0,292,0,0,0,0,0,0,0,0,0,0,0,0,0,0,0,0,0,0,0,0,0,0,0,0,0,202,0,0,0,0,0,0,0,0,0,45,99,0,0,0,0,31,0,0,0,218,0,0,11270,0,0,0,0,0,0,0,472,0,0,0,0,53,0,0,0,0,0,0,0,0,0,1329,0,0,0,0,0,0,0,0,0,0,0,0,0,0,0,0,0,2785,22732
S157,0,0,0,0,0,0,0,0,0,0,0,0,198,19,0,0,0,0,0,0,0,0,0,0,0,0,0,0,0,0,0,0,0,0,0,0,0,0,0,0,0,0,0,0,0,0,0,0,0,0,0,30,0,0,0,0,0,0,0,0,0,0,0,0,0,0,0,0,0,0,0,95,0,0,99,0,0,0,0,0,0,0,20788,0,0,0,0,0,0,0,0,0,0,0,0,0,0,0,0,0,0,0,0,0,0,0,0,0,0,0,0,0,0,0,0,238,21229
S158,0,0,0,0,0,0,0,0,0,0,0,0,14,0,0,0,0,0,0,0,0,256,0,0,0,0,0,0,0,0,0,0,0,0,0,0,0,0,0,0,69,0,0,0,0,0,0,0,0,0,0,0,0,0,0,0,0,0,0,0,0,0,733,0,0,0,0,0,0,0,0,335,0,0,2191,0,0,0,0,0,0,0,2325,0,0,0,0,0,0,0,0,0,0,0,0,0,0,244,0,0,0,0,0,0,0,0,0,0,0,104,18,0,0,0,0,723,6289
S159,0,0,0,0,0,0,0,0,0,0,0,0,297,0,0,0,0,0,0,0,0,75,0,0,0,0,0,0,0,0,0,0,0,0,0,0,0,0,0,0,41,0,0,0,0,0,0,0,0,0,0,0,0,0,0,0,0,0,0,0,0,69,87,0,0,0,0,0,0,0,0,879,0,0,15921,0,0,0,0,0,0,0,4116,0,0,0,0,367,0,0,0,0,0,0,0,0,0,616,0,0,0,0,0,0,0,0,0,0,0,0,0,0,0,0,0,22721,22468
S16,0,0,0,0,0,0,0,0,0,0,0,0,1368,0,0,0,0,0,0,0,0,1869,0,0,0,261,0,0,0,0,0,0,0,0,0,0,0,0,0,0,0,0,0,0,0,0,0,0,0,0,0,140,0,0,0,0,0,0,0,0,0,0,0,0,261,0,0,0,0,0,0,335,0,0,8334,0,0,0,0,0,0,0,602,0,0,0,0,0,0,0,0,0,0,0,0,0,0,578,0,0,0,0,0,0,0,0,0,0,0,0,0,0,0,0,0,1269,13748
S160,0,0,0,0,0,0,0,0,0,0,0,0,105,0,0,0,0,0,0,0,0,124,0,0,0,0,0,0,0,0,0,0,0,0,0,0,0,0,0,0,0,0,0,0,0,0,0,0,0,0,0,0,0,0,0,0,0,0,0,0,0,0,0,0,0,0,0,0,0,0,0,171,0,0,6013,0,0,0,0,0,0,0,15155,0,0,0,0,0,31,0,0,0,0,0,0,0,0,149,0,0,0,0,0,0,0,0,0,0,0,275,0,0,0,0,0,1281,22023
S161,0,0,0,0,0,0,0,0,0,0,0,0,38,0,0,0,0,0,0,0,0,148,0,0,0,61,0,0,0,0,21,0,0,0,23,0,0,0,0,0,0,0,0,0,0,0,0,0,0,0,0,0,0,0,0,0,64,0,0,0,0,0,416,112,0,0,0,0,0,0,0,1041,0,0,3532,0,0,0,0,0,0,0,1416,0,0,0,0,0,0,0,0,0,0,0,0,0,0,82,0,0,0,0,0,0,0,0,0,0,0,26,0,0,0,0,0,707,6980
S162,0,0,0,0,0,0,0,0,0,0,0,0,373,0,0,0,0,164,0,0,227,2205,0,0,0,0,0,0,0,0,0,0,0,0,0,0,0,0,0,0,0,0,0,0,0,0,0,0,0,0,0,0,0,0,0,0,596,0,0,0,0,639,0,0,0,0,0,0,0,0,0,4060,0,326,266,0,0,0,0,0,0,0,334,0,0,0,0,0,0,0,0,0,0,0,0,0,0,4020,0,0,0,0,0,0,0,0,0,0,0,0,0,0,0,0,0,10041,13210
S163,0,0,0,0,0,0,0,0,0,0,0,0,0,0,0,0,0,0,0,0,0,0,0,0,0,0,0,0,177,0,0,0,0,0,0,0,0,69,34,117,381,0,0,0,0,0,0,0,0,0,0,0,0,0,0,0,0,0,0,0,0,0,110,0,0,0,410,0,336,0,85,1443,0,0,7998,0,0,0,0,0,0,0,2758,0,0,0,0,0,0,0,0,0,0,0,0,0,0,20,0,0,0,0,0,0,0,0,0,0,0,0,0,0,0,0,0,3556,13938
S164,0,0,0,0,0,0,0,0,0,0,0,0,238,56,0,0,0,0,0,0,0,0,0,0,0,0,0,0,0,0,0,0,322,160,0,0,39,1128,66,383,1209,0,0,0,0,0,0,0,0,0,0,0,0,0,0,0,0,0,0,0,0,0,3163,69,0,0,183,29,185,0,0,175,0,0,832,0,0,0,0,0,0,0,10961,0,0,0,0,47,0,0,0,0,0,0,0,0,0,759,0,0,0,0,0,0,0,0,0,0,0,0,2119,0,0,0,0,3972,22123
S165,0,0,0,0,0,0,0,0,0,0,0,0,64,0,0,0,0,0,0,0,0,13,0,0,0,0,0,0,0,0,0,0,0,0,0,0,0,0,0,0,0,0,0,0,0,0,0,0,0,0,0,0,0,0,0,0,0,0,0,0,0,59,2737,0,0,0,0,0,0,0,0,56,0,0,1640,0,0,0,0,0,0,0,78,0,0,0,0,0,0,0,0,0,0,0,0,0,0,1464,0,0,0,0,0,0,0,0,0,0,0,0,0,0,0,0,0,3040,6111
S166,0,0,0,0,0,0,0,0,0,0,0,0,20,0,0,0,0,0,0,0,0,123,0,0,0,0,0,0,0,0,0,0,0,0,0,0,0,475,0,143,382,0,0,0,0,0,0,0,0,0,0,0,0,0,0,0,0,0,0,0,0,0,0,0,0,0,0,0,0,0,0,473,0,0,11129,9,0,0,0,0,0,0,11625,0,0,0,0,0,0,0,0,0,0,0,0,0,0,31,0,0,0,0,0,0,0,0,0,0,0,0,0,0,0,0,0,132,24410
S167,0,0,0,0,0,0,0,0,0,0,0,0,20,0,0,0,0,0,0,0,0,0,0,0,0,0,0,0,27,0,0,0,0,0,0,0,0,0,0,0,105,0,0,0,0,0,0,0,0,0,0,58,0,0,0,0,0,0,0,0,0,67,0,0,0,0,229,0,163,0,0,1249,0,0,15458,0,0,0,0,0,0,0,122,0,0,0,0,49,0,0,0,0,0,0,0,0,0,137,0,0,0,0,0,0,0,0,0,0,0,0,0,0,0,0,0,23308,17684
S168,0,0,0,0,0,0,0,0,0,0,0,0,0,0,0,0,0,0,0,0,0,178,0,0,0,0,0,0,0,0,0,0,0,0,0,0,0,283,28,0,212,0,0,0,0,0,0,0,0,0,0,24,0,0,0,0,0,0,0,0,0,250,181,0,0,0,0,0,8,0,0,309,0,0,314,0,0,0,0,0,0,0,3764,0,0,0,0,0,0,0,0,0,0,0,0,0,0,327,0,0,0,0,0,0,0,0,0,0,0,0,0,0,0,0,0,807,5878
S169,0,0,0,0,0,0,0,0,31,0,0,0,283,0,0,0,0,0,0,0,124,120,0,0,0,314,0,0,0,0,0,0,0,0,0,0,0,0,0,0,0,0,0,0,0,0,0,0,0,0,0,0,0,0,0,0,53,0,0,0,0,215,0,0,0,0,0,0,0,0,0,4122,0,0,17255,0,0,164,0,0,0,0,520,0,0,0,0,0,0,0,103,0,0,0,0,0,0,297,0,0,0,0,0,0,0,0,0,0,0,0,0,0,0,0,0,3422,23601
S17,0,0,0,0,0,0,0,0,0,0,0,0,0,0,0,0,0,0,0,0,0,293,0,0,0,0,0,0,11,0,0,0,0,0,0,0,0,591,43,245,570,0,0,0,0,0,0,0,0,0,0,156,0,0,0,0,0,0,0,0,0,0,2262,0,57,0,0,0,0,0,0,59,0,0,1455,0,0,0,0,0,0,0,3160,0,0,0,0,11,0,0,0,0,0,0,0,0,0,3121,10,0,0,0,0,0,0,0,0,0,0,0,0,0,0,0,0,5473,12044
S170,0,0,0,0,0,0,0,0,4,0,0,0,92,0,0,0,0,0,0,0,0,2019,0,0,0,0,0,0,0,0,0,0,0,0,0,0,0,0,0,0,0,0,0,0,0,0,0,0,0,0,0,0,0,0,0,8,0,0,0,0,0,38,7239,0,12,0,0,0,0,0,0,567,0,0,11753,0,0,0,0,0,0,0,1030,0,0,0,0,0,0,0,0,0,0,0,0,0,0,9560,0,0,0,0,0,0,0,0,0,0,0,0,0,0,0,0,0,17330,32322
S171,0,0,0,0,0,0,0,0,0,0,0,0,0,0,0,0,0,0,0,0,0,0,0,0,0,0,0,0,0,0,0,0,0,0,0,0,0,0,0,0,0,0,0,0,0,0,0,0,0,0,0,0,0,0,0,0,0,0,0,0,0,0,0,0,0,0,0,0,0,0,0,346,0,0,2260,0,0,0,0,0,0,0,9710,0,0,0,0,0,0,0,0,0,0,0,0,0,0,0,0,0,0,0,0,0,0,0,0,0,0,13,0,0,0,0,0,246,12329
S172,0,0,0,0,0,0,0,0,0,0,0,0,113,0,0,0,0,0,0,0,0,285,16,0,0,0,0,0,328,0,0,0,0,0,0,0,0,356,23,184,359,0,0,0,0,0,0,0,0,0,0,0,0,0,0,108,0,0,0,0,0,0,121,0,0,0,0,0,302,0,0,973,0,15,14741,0,0,0,0,0,0,0,2164,0,0,0,0,0,0,0,0,0,0,0,0,0,0,86,0,0,0,0,0,0,0,0,0,0,0,0,0,0,0,0,0,318,20174
S173,0,0,0,0,0,0,0,0,0,0,0,0,98,0,0,0,0,0,0,0,0,32,0,0,0,0,0,0,0,0,5,0,137,0,0,100,0,0,0,0,0,0,0,0,0,0,0,0,0,0,0,0,0,0,0,0,0,0,0,0,0,15,133,0,0,0,0,0,0,0,0,286,0,0,0,0,0,0,0,0,0,0,5549,0,0,0,0,0,0,0,0,0,0,0,0,0,0,4589,0,0,0,0,0,0,0,0,0,0,0,0,0,0,0,0,0,15650,total
S174,0,0,0,0,0,0,0,0,0,0,0,0,0,0,0,0,0,0,0,0,0,0,0,0,0,0,0,0,1770,0,0,0,0,0,0,0,0,0,0,0,0,0,0,0,0,0,0,0,0,0,0,0,0,0,0,0,0,0,0,0,0,0,8360,0,0,0,0,0,0,0,0,0,0,0,6368,0,0,0,0,0,0,0,11996,0,0,0,0,0,0,0,0,0,0,0,0,0,0,34,0,0,0,0,0,0,0,0,0,0,0,0,0,0,0,0,0,84,28528
S175,0,0,0,0,0,0,0,0,0,0,0,0,0,0,0,0,0,0,0,0,0,9,0,0,0,0,0,0,366,0,0,5,0,0,0,0,0,322,0,110,332,0,0,0,0,0,0,0,0,0,0,0,0,0,0,0,0,0,0,0,0,0,2769,437,0,0,0,77,0,0,0,0,0,0,1212,0,0,0,0,0,0,0,6127,0,0,0,0,0,0,0,0,0,0,0,0,0,0,1264,0,0,0,0,0,0,0,0,17,0,0,0,10,0,0,0,0,9856,13057
S176,0,0,0,0,0,0,0,0,0,0,0,0,182,0,0,0,0,0,0,0,0,0,0,0,0,18,0,0,0,0,0,0,0,0,0,0,0,0,0,0,0,0,0,0,42,0,0,0,0,0,0,0,0,0,0,0,0,0,0,0,0,42,23,0,0,0,0,0,0,0,0,2308,0,0,18353,0,0,5,0,0,0,0,3830,0,0,0,0,24,0,0,0,0,0,0,0,0,0,55,0,0,0,0,0,0,0,0,0,0,0,0,0,0,0,0,0,317,24882
S177,0,0,0,0,0,0,0,0,0,0,0,0,126,0,0,0,0,0,0,0,0,54,0,0,0,0,0,0,428,0,0,0,0,0,0,0,0,256,0,0,294,0,0,0,0,0,0,0,0,0,0,0,0,0,0,0,0,0,0,0,0,0,0,0,0,0,0,0,0,0,0,1811,0,0,9795,0,0,0,0,0,0,0,3200,0,0,0,0,3,0,0,0,0,0,0,0,0,0,31,0,0,0,0,0,0,0,0,0,0,0,0,19,0,0,0,0,1398,16017
S178,131,0,0,0,0,0,0,0,0,0,0,0,2198,0,0,0,0,0,0,0,32,0,0,0,0,71,0,0,0,0,0,0,0,0,0,0,0,0,0,0,0,0,0,0,0,0,0,0,0,0,0,0,0,0,0,0,0,0,0,0,0,242,0,0,0,0,0,0,0,0,0,430,0,0,3054,0,0,0,0,0,0,0,2744,0,0,0,0,0,0,0,0,0,0,0,0,0,0,122,0,0,0,0,0,0,0,0,0,0,0,0,0,0,0,0,0,633,9024
S179,0,0,0,0,0,0,0,0,0,0,0,0,176,0,0,0,0,0,0,0,0,77,0,0,0,0,0,0,0,0,111,0,0,0,0,0,0,0,0,0,147,0,0,0,0,0,0,0,0,0,0,0,0,0,0,0,0,0,0,0,0,0,147,158,0,0,0,0,0,0,0,336,0,0,4161,0,0,0,0,0,0,0,12664,0,0,0,0,0,0,11,0,0,0,0,0,0,0,133,0,0,0,0,0,0,0,0,0,0,0,0,0,0,0,0,0,1513,18121
S18,0,0,0,0,0,0,0,0,0,45,0,0,1077,0,0,0,0,0,0,0,194,675,0,0,0,0,0,0,0,0,0,0,0,0,0,0,0,0,0,0,0,144,0,0,0,0,0,0,0,0,0,278,0,0,0,0,0,0,0,0,0,0,0,0,0,0,0,0,0,0,0,4755,0,0,6234,0,0,0,0,0,0,0,0,0,0,0,0,83,0,0,0,0,0,0,0,0,0,2077,0,0,0,0,0,0,0,0,0,0,0,134,0,0,0,0,0,1379,15696
S180,0,0,0,0,0,0,0,0,0,0,0,0,15,0,0,0,0,0,0,0,0,0,0,0,0,9,0,0,1457,0,0,0,0,0,0,0,0,0,0,0,41,0,0,0,0,0,0,0,0,0,0,0,0,0,0,0,0,0,0,0,0,0,6820,0,0,0,0,0,0,0,0,40,0,0,1931,0,0,0,0,0,0,0,11671,0,0,0,0,0,0,0,0,0,0,0,0,0,0,144,0,0,0,0,0,0,0,0,0,0,0,0,0,0,0,0,0,755,22128
S181,0,0,0,0,0,0,0,0,0,83,0,0,62,0,0,0,0,0,0,0,0,116,0,0,0,0,0,0,0,0,0,0,0,0,0,0,0,0,0,0,66,0,0,0,0,0,0,0,0,0,0,0,0,0,0,0,54,0,0,0,0,0,0,0,0,0,0,0,0,0,0,857,0,0,20031,0,0,0,0,0,0,0,8277,0,0,0,0,14,0,0,0,0,0,0,0,0,0,181,0,0,0,0,0,0,0,0,0,0,0,0,0,0,0,0,0,737,29741
S182,0,0,0,0,0,0,0,0,0,0,0,0,131,0,0,0,0,0,0,0,0,703,0,0,0,0,0,0,137,0,0,0,0,0,0,0,0,298,0,0,298,0,0,0,0,0,0,0,0,0,0,0,0,0,0,0,0,0,0,0,0,0,0,0,0,0,0,0,0,0,0,778,0,0,14180,16,0,0,0,0,0,0,36436,0,0,0,0,0,0,0,0,0,0,0,0,0,0,99,0,0,0,0,0,0,0,0,0,0,0,0,0,0,0,0,0,124954,53076
S183,0,0,0,0,0,0,0,0,2669,0,0,0,0,0,0,0,0,0,0,0,0,0,0,0,0,4,0,0,0,0,240,0,0,0,0,0,0,177,76,86,235,0,0,0,0,0,0,0,0,0,0,0,0,0,0,0,0,0,0,0,0,0,2481,693,0,0,0,0,0,0,15,8072,0,0,5744,0,0,0,0,0,0,0,95,0,0,0,0,0,0,0,0,0,0,0,0,0,0,0,0,0,0,0,0,0,0,0,0,0,0,92,0,0,0,0,0,143,20679
S184,0,0,0,0,0,0,0,0,0,0,0,0,14,6,0,0,0,0,0,0,21,0,0,0,0,0,0,0,11,0,0,0,0,0,0,0,0,0,0,0,0,0,0,0,0,0,0,0,0,0,0,0,0,0,0,0,0,0,0,0,0,22,246,0,0,0,0,0,0,0,0,3250,0,0,13439,0,0,0,0,0,0,0,6806,0,0,0,0,0,0,0,0,0,0,0,0,0,0,0,0,0,0,0,0,0,0,0,0,0,0,41,0,0,0,0,0,31,23856
S185,0,0,0,0,0,0,0,0,0,0,0,0,60,0,0,0,0,0,0,0,0,0,0,0,0,0,0,0,2272,0,0,0,0,0,0,0,0,0,0,0,0,0,0,0,0,0,0,0,0,0,0,0,0,0,0,0,0,0,0,0,0,91,0,0,0,0,5,0,0,0,0,531,0,0,6045,0,0,0,0,0,0,0,12287,0,0,0,0,0,0,0,0,0,0,0,0,0,0,70,0,0,0,0,0,0,0,0,0,0,0,0,0,0,0,0,0,0,21361
S186,0,0,0,0,0,0,0,0,0,0,0,0,74,0,0,0,0,0,0,0,53,34,0,0,0,645,0,0,0,0,0,0,0,0,0,0,0,42,0,0,0,0,0,0,0,0,0,0,0,0,0,0,0,0,0,0,0,0,0,0,0,0,0,0,0,0,0,0,7,0,0,889,0,0,12793,0,0,0,0,0,0,0,1390,0,0,0,0,17,0,0,0,0,0,0,0,0,0,412,0,0,0,0,0,0,0,0,0,0,0,0,0,0,0,0,0,767,16356
S187,0,0,0,0,0,0,0,0,0,0,0,0,105,0,0,0,0,0,0,0,0,96,0,0,0,3498,0,0,213,0,0,0,0,0,0,0,0,0,0,0,0,0,0,0,0,0,0,0,0,0,0,0,0,0,0,0,0,0,0,0,0,11,0,0,0,0,0,0,330,0,33,1917,0,0,18484,0,0,0,0,0,0,0,8811,0,0,0,0,0,0,0,0,0,0,0,0,0,0,186,0,0,0,0,0,0,0,0,0,0,0,0,0,0,0,0,0,714,33684
S188,0,0,0,0,0,0,0,0,0,0,0,0,162,0,0,0,0,0,0,0,0,75,0,0,0,0,0,0,0,0,0,0,0,0,0,0,0,426,0,140,498,0,0,0,0,0,0,0,0,0,0,0,0,0,0,0,0,0,0,0,0,126,0,0,0,0,199,23,0,0,0,371,0,0,7593,0,0,0,0,0,0,0,6226,0,0,0,0,0,0,0,0,0,0,0,0,0,0,152,0,0,0,0,0,0,0,0,0,0,0,0,0,0,0,0,0,330,15991
S189,0,0,0,0,0,0,0,0,0,0,0,0,54,0,0,0,0,0,0,0,0,616,0,0,0,15,0,0,2267,0,0,0,0,0,0,0,0,272,40,74,279,0,0,0,0,0,0,0,0,0,0,0,0,0,0,0,0,0,0,0,0,102,33,0,0,0,0,0,0,0,0,6882,0,0,13536,0,0,0,0,0,0,0,279,0,0,0,0,44,0,0,0,0,0,0,0,0,0,3383,0,0,0,0,0,0,0,0,0,0,0,0,0,0,0,0,0,4103,27876
S19,0,0,0,0,0,0,0,0,0,0,0,0,0,0,0,0,0,0,0,0,0,606,0,0,0,0,0,0,0,0,0,0,0,0,0,0,0,0,0,0,0,0,0,0,0,0,0,0,0,0,0,146,0,0,0,0,0,0,0,0,0,337,49,0,205,0,0,0,0,0,0,1241,0,0,630,84,0,0,0,0,0,0,10658,0,0,0,0,0,0,0,0,0,0,0,0,0,0,359,0,0,0,0,0,0,0,0,0,0,0,0,0,0,0,0,0,1241,14315
S190,0,0,0,0,0,0,0,0,0,0,0,0,175,0,0,0,0,0,0,0,0,613,0,0,0,0,0,0,40,0,0,0,0,0,0,0,0,0,0,0,188,0,0,0,0,0,0,0,0,0,0,0,0,0,0,0,0,0,0,0,0,93,0,0,0,0,0,0,0,0,0,1332,0,0,2169,0,0,0,0,0,0,0,5546,0,0,0,0,459,0,0,0,0,0,0,0,0,0,282,0,0,0,0,0,0,0,0,0,0,0,0,0,0,0,0,0,15652,10897
S191,0,0,0,0,0,0,0,0,0,0,0,0,0,0,0,0,0,0,0,0,0,0,0,0,0,0,0,0,0,0,0,0,0,0,0,0,0,368,0,0,232,0,0,0,0,0,0,0,0,0,0,0,0,0,0,0,0,0,0,0,0,0,2745,0,0,0,0,0,15,0,0,387,0,0,10949,0,0,0,0,0,0,0,6644,0,0,0,0,0,0,0,0,0,0,0,0,0,0,0,0,0,0,0,0,0,0,0,0,0,0,0,0,0,0,0,0,25,21340
S192,0,0,0,0,0,0,0,0,0,0,0,0,182,0,0,0,0,0,0,0,0,36,0,0,0,22,0,0,0,0,0,0,0,0,0,0,0,0,0,0,0,0,0,0,0,0,0,0,0,0,0,26,0,0,0,0,0,0,0,0,0,0,0,0,0,0,0,0,15,0,0,236,0,0,3301,0,0,0,0,0,0,0,14089,0,0,0,0,26,0,0,0,0,0,0,0,0,0,30,0,0,0,0,0,0,0,0,0,0,0,0,0,0,0,0,0,295,17963
S193,0,0,0,0,0,0,0,0,178,0,0,0,524,0,0,0,0,0,0,0,381,325,0,0,0,0,0,0,0,0,0,0,0,0,0,0,0,0,0,0,0,0,0,0,0,0,0,148,0,0,0,0,0,0,0,0,0,0,0,0,0,0,151,0,0,0,0,0,0,0,0,637,0,0,1984,0,0,0,0,0,0,0,148,0,0,0,0,0,0,0,0,0,0,0,0,0,0,0,0,0,0,0,0,0,0,0,0,0,0,0,0,0,0,0,0,1438,4476
S194,0,0,0,0,0,0,0,0,0,0,0,0,5092,32,0,0,0,0,0,0,0,12,0,0,0,0,0,0,0,0,0,0,0,0,0,0,0,0,0,0,0,0,0,0,0,0,0,0,0,0,0,0,0,0,0,0,0,0,0,0,0,0,1385,156,0,0,0,0,0,0,0,610,0,0,11611,0,0,0,0,0,0,0,7514,0,0,0,0,0,0,0,0,0,0,0,0,0,0,347,0,0,0,0,0,0,0,0,0,0,0,0,0,0,0,0,0,883,26759
S195,0,0,0,0,0,0,0,0,0,0,0,0,27,0,0,0,0,0,0,0,0,215,0,0,0,0,0,0,0,0,35,0,0,0,0,0,0,0,0,22,0,0,0,0,0,0,0,0,0,0,0,0,0,0,0,0,0,0,0,0,0,39,99,201,0,0,0,0,0,0,0,5886,0,0,2737,0,0,0,0,0,58,0,250,0,0,0,0,305,0,0,0,0,0,0,0,0,0,582,0,0,0,0,0,0,0,0,0,0,0,37,0,0,0,0,0,10574,10493
S196,0,0,0,0,0,0,0,0,0,0,0,0,0,0,0,0,0,0,0,0,0,0,0,0,0,207,0,0,136,0,0,0,0,0,0,0,0,1628,0,531,1594,0,0,0,0,0,0,0,0,0,0,0,0,0,0,0,0,0,0,0,0,35,0,0,0,0,0,0,0,0,0,586,0,0,11603,0,0,0,0,0,0,0,7212,0,0,0,0,0,0,0,0,0,0,0,0,0,0,1165,0,0,0,0,0,0,0,0,0,0,0,26,0,0,0,0,0,2134,24723
S197,0,0,0,0,0,0,0,0,0,0,0,0,2081,0,0,0,0,0,0,0,0,498,0,0,112,134,0,0,0,0,0,0,0,0,0,0,0,0,0,0,0,0,0,0,0,0,0,0,0,0,0,0,0,0,0,0,185,0,0,0,0,438,0,215,0,0,0,0,0,0,0,1797,0,0,4934,0,0,0,0,0,0,0,3714,0,0,0,0,0,0,0,0,0,0,0,0,0,0,796,0,0,0,0,0,0,0,0,0,0,0,0,0,0,0,0,0,2992,14904
S198,0,0,0,0,0,0,0,0,0,0,0,0,80,0,0,0,0,0,0,0,0,0,0,0,0,5611,0,0,256,0,0,0,0,0,0,0,0,168,0,0,309,0,0,0,0,0,0,0,0,0,0,0,0,0,0,0,32,0,0,0,0,25,178,0,0,0,0,0,69,0,0,1940,0,0,12366,0,0,0,0,0,0,0,4218,0,0,0,0,0,0,0,0,0,0,0,0,0,0,557,0,0,0,0,0,0,0,0,0,0,0,0,0,0,0,0,0,907,25809
S199,0,0,0,0,0,0,0,0,67,0,0,0,0,0,0,0,0,0,0,0,0,182,0,0,0,740,0,0,29,0,0,0,0,0,0,0,38,553,0,176,556,0,0,0,0,0,0,0,0,0,0,20,0,0,0,0,0,0,0,0,0,0,7773,1456,0,0,0,0,0,0,0,392,0,0,4806,0,0,0,0,0,0,0,2452,0,0,0,0,0,0,0,0,0,0,0,0,0,0,2406,0,0,0,0,0,0,0,0,0,0,0,0,0,0,0,0,0,9587,21646
S2,0,0,0,0,0,0,0,0,0,0,0,0,118,0,0,0,0,0,0,0,0,0,0,0,0,0,0,0,0,0,0,0,0,0,0,0,0,0,0,0,0,0,0,0,0,0,0,0,0,0,0,140,0,0,0,0,0,0,0,0,0,0,0,0,0,0,0,0,0,0,0,1382,0,0,8477,0,0,0,0,0,0,0,6491,0,0,0,0,60,0,0,0,0,0,0,0,0,0,1071,0,0,0,0,0,0,0,0,0,0,0,0,0,0,0,0,0,684,17739
S20,0,0,0,0,0,0,0,0,0,0,0,0,802,0,0,0,0,0,0,0,0,1196,0,0,0,144,0,0,293,0,0,0,0,0,0,0,0,0,0,0,29,0,0,0,0,0,0,0,0,0,0,421,0,0,0,0,0,0,0,0,0,0,101,0,1504,0,0,0,0,0,0,134852,0,0,75762,0,0,0,0,0,0,0,191501,0,0,0,26,0,0,0,0,0,0,0,0,0,0,127070,0,0,0,0,0,0,0,0,0,0,0,48,0,0,0,0,0,51209,533749
S200,0,0,0,0,0,0,0,0,0,0,0,0,1218,0,0,0,0,0,0,0,0,53,0,0,0,0,0,0,620,0,0,0,0,0,0,0,0,34,0,0,0,0,0,0,0,0,0,0,0,0,0,0,0,0,0,0,0,0,0,0,0,312,0,0,445,0,0,0,0,0,0,4312,0,0,1081,0,0,0,0,0,0,0,815,0,0,0,0,0,0,0,0,0,0,0,0,0,0,984,0,0,0,0,0,0,0,0,0,0,0,0,0,0,0,0,0,2463,9874
S201,0,0,0,0,0,0,0,0,0,0,0,0,3120,0,0,0,0,0,0,0,0,912,0,0,0,0,0,0,0,0,0,0,0,0,0,0,0,0,0,0,0,0,0,0,0,0,0,0,0,0,0,31,0,0,0,0,81,0,0,0,0,398,194,109,0,0,0,0,0,0,0,3563,0,0,194,0,0,0,0,0,0,0,6973,0,0,0,0,0,0,0,0,0,0,0,0,0,0,444,0,0,0,0,0,0,0,0,0,0,0,39,39,0,0,0,0,1177,16097
S202,0,0,0,0,0,0,0,0,0,0,0,0,65,0,0,0,0,0,0,0,0,202,0,0,0,0,0,0,0,0,0,0,0,0,0,0,0,0,0,168,161,0,0,0,0,0,35,0,0,0,0,0,0,0,0,0,0,0,0,0,0,49,4450,722,0,0,0,0,0,0,0,748,0,0,2297,0,0,0,0,0,0,0,624,0,0,0,0,0,0,0,0,0,0,0,0,0,0,320,0,0,0,0,0,0,0,0,0,0,0,81,0,0,0,0,0,2605,9922
S203,0,0,0,0,0,0,0,0,0,0,0,0,0,0,0,0,0,0,0,0,0,28,0,0,0,0,0,0,0,0,0,0,0,0,0,0,0,0,0,0,0,0,0,0,0,0,0,0,0,0,0,0,0,0,0,0,0,0,0,0,0,0,0,91,0,0,0,0,0,0,0,3390,0,0,12676,0,0,0,0,0,0,0,3385,0,0,0,0,13,0,0,0,0,0,0,0,0,0,89,0,0,0,10,0,0,0,0,0,0,0,0,0,0,27,0,0,586,19709
S204,0,0,0,0,0,0,0,0,0,0,0,0,94,0,0,0,0,0,0,0,0,310,0,0,0,62,0,0,80,0,0,0,0,0,0,0,0,13,0,0,0,0,0,0,0,0,0,0,0,0,0,0,0,0,0,0,0,0,0,0,0,0,0,0,0,0,0,0,0,0,0,801,0,0,15280,0,0,0,0,0,0,0,2375,0,0,0,0,8,0,0,0,0,0,0,0,0,0,0,0,0,0,0,0,0,0,0,0,0,0,38,0,0,0,0,0,814,19061
S205,0,0,0,0,0,0,0,0,21,0,0,0,99,0,0,0,0,0,0,0,0,96,0,0,0,129,0,0,0,0,0,0,0,0,0,0,0,0,0,0,0,0,0,0,0,0,0,0,0,0,0,17,0,0,0,0,0,0,0,0,0,104,7,0,0,0,0,0,0,0,0,1737,0,0,16771,0,0,0,0,0,0,0,390,0,0,0,0,0,0,0,0,0,0,0,0,0,0,223,0,0,0,0,0,0,0,0,0,0,0,0,0,0,0,0,0,518,19594
S206,0,0,0,0,0,0,0,0,0,0,0,0,401,0,0,0,0,63,0,0,270,2663,0,0,0,0,0,0,0,0,0,0,0,0,0,0,0,0,0,0,0,0,0,0,0,0,0,0,0,0,0,0,0,0,0,0,120,0,0,0,0,632,0,0,0,0,0,0,0,0,0,2786,0,0,1295,0,0,0,0,0,0,0,3915,0,0,0,0,0,0,0,0,0,0,0,0,0,0,2806,0,0,0,0,0,0,0,0,0,0,52,0,97,0,0,0,0,15330,15100
S207,0,0,0,0,0,0,0,0,0,0,0,0,243,0,0,0,0,0,0,0,0,0,0,0,0,69,0,0,32,0,0,0,0,0,0,0,0,0,0,0,81,0,0,0,0,0,0,0,0,0,0,18,0,0,0,0,0,0,0,0,0,87,0,0,0,0,0,0,0,0,0,841,0,0,13225,0,0,0,0,0,0,0,6277,0,0,0,0,0,0,0,0,0,0,0,0,0,0,181,0,0,0,0,0,0,0,0,0,0,0,0,0,0,0,0,0,422,21054
S208,0,0,0,0,0,0,0,0,0,0,0,0,134,0,0,0,0,0,0,0,0,23,0,0,0,0,0,0,2652,0,0,0,0,0,0,0,0,0,0,0,0,0,0,0,101,0,0,0,0,0,0,0,0,0,0,0,0,0,0,0,0,0,71,0,0,0,14,0,0,0,0,599,0,0,5909,0,0,0,0,0,0,0,9257,0,0,0,0,0,0,0,0,0,0,0,0,0,0,309,0,0,0,0,0,0,0,0,0,0,0,0,0,0,0,0,0,539,19069
S209,0,0,0,0,0,0,0,0,0,0,0,0,103,0,0,0,0,0,0,0,0,1352,0,0,0,0,0,0,289,0,0,0,0,0,0,0,0,0,0,0,0,0,0,0,0,0,0,0,0,0,0,0,0,0,0,0,0,0,0,0,0,79,0,0,0,0,0,0,0,0,0,102,0,0,3537,0,0,0,0,0,0,0,34,0,0,0,0,0,0,0,0,0,0,0,0,0,0,7666,0,0,0,0,0,0,0,0,1995,0,0,0,0,0,0,0,0,164,15157
S21,0,0,0,0,0,0,0,0,0,4,0,0,39,0,0,0,0,0,0,0,0,274,0,0,0,36,0,0,0,0,0,0,0,0,0,0,0,0,0,0,240,0,0,0,0,0,0,0,0,0,0,80,0,0,0,0,0,0,0,0,0,0,87,0,0,0,0,8,0,0,0,157,0,0,3018,0,0,0,0,0,0,0,240,0,0,0,0,0,0,0,0,0,0,0,0,0,0,385,0,0,0,0,0,0,0,0,0,0,0,0,0,0,0,0,0,1141,total
S210,0,0,0,0,0,0,0,0,0,0,0,0,0,0,0,0,0,0,0,0,0,0,0,0,0,229,0,0,0,0,0,0,0,0,0,0,0,0,0,0,0,0,0,0,0,0,0,0,0,0,0,0,0,0,0,0,0,0,0,0,0,0,0,0,0,0,0,0,0,0,0,0,0,0,21425,0,0,0,0,0,0,0,105,0,0,0,0,0,0,0,0,0,0,0,0,0,0,0,0,0,0,0,0,0,0,0,0,0,0,0,0,0,0,0,0,57,21759
S211,0,0,0,0,0,0,0,0,0,0,0,0,0,0,0,0,0,0,0,0,0,73,0,0,0,0,0,0,142,0,0,0,0,0,0,0,0,3414,321,1033,3350,0,0,0,0,0,0,0,0,0,0,98,0,0,0,0,0,0,0,0,0,48,0,0,0,0,0,0,0,0,0,0,0,0,267,0,0,0,0,0,0,0,17920,0,0,0,0,0,0,0,0,0,0,0,0,0,0,193,0,0,0,0,0,0,0,0,0,0,0,0,0,0,0,0,0,783,26859
S212,0,0,0,0,0,0,0,0,0,0,0,0,342,0,0,0,0,0,0,0,0,51,0,0,0,0,0,0,81,0,0,0,0,0,0,0,0,1656,59,538,1618,0,0,0,0,0,0,0,0,0,0,49,0,0,0,0,0,0,0,0,0,0,0,0,0,0,0,0,0,0,0,34,0,0,757,0,0,0,0,0,0,0,7113,0,0,0,0,0,0,0,35,0,0,0,0,0,0,303,0,0,0,0,0,0,0,0,0,0,0,0,0,0,0,0,0,3172,12636
S213,0,0,0,0,0,0,0,0,0,0,0,0,77,0,0,0,0,0,0,0,0,0,0,0,0,0,0,0,2602,0,0,0,0,0,0,0,0,1592,335,501,1624,0,0,0,0,0,0,0,0,0,0,0,0,0,0,0,0,0,0,0,0,4,0,0,0,0,0,0,0,0,0,18,0,0,59,0,0,0,0,0,0,0,14613,0,0,0,0,36,0,0,0,0,0,0,0,0,0,116,0,0,0,0,0,0,0,0,0,0,0,0,0,0,0,0,0,175,21577
S214,0,0,0,0,0,0,0,0,0,0,0,0,165,0,0,0,0,0,0,0,0,0,0,0,0,0,0,0,743,19,0,0,0,0,0,0,0,0,0,973,0,0,16,0,0,0,0,0,0,0,0,0,0,0,0,0,0,0,0,0,0,0,31,0,0,0,0,0,0,0,0,55,0,12,8626,0,0,0,0,0,0,0,1998,0,0,0,0,0,0,0,0,0,0,0,0,0,0,2834,0,0,0,0,0,0,0,0,0,0,0,0,0,0,0,0,0,228,15472
S215,0,0,0,0,0,0,0,0,0,0,0,0,45,0,0,0,0,0,0,0,0,0,0,0,0,32,0,0,0,0,0,0,0,0,0,0,0,0,0,0,0,0,0,0,0,0,0,0,0,0,0,0,0,0,0,0,0,0,0,0,0,0,0,0,0,0,0,0,144,0,0,1254,0,0,602,0,0,0,0,0,0,0,8318,0,0,0,0,0,0,0,0,0,0,0,0,0,0,32,0,0,0,0,0,0,0,0,0,0,0,0,0,0,0,0,0,84,10427
S216,0,0,0,0,0,0,0,0,0,0,0,0,0,0,0,0,0,0,0,0,0,31,0,0,0,0,0,0,1138,0,0,0,0,0,0,0,0,687,0,967,769,0,0,0,0,0,0,0,0,0,0,0,0,0,0,0,0,0,0,0,0,0,1175,0,0,0,0,0,0,0,0,115,0,0,2174,0,0,0,0,21,0,0,921,7345,0,0,0,0,0,0,0,0,0,0,0,0,0,63,0,0,0,0,0,0,0,0,0,0,0,0,0,0,0,0,0,214,15406
S217,0,0,0,0,0,0,0,0,0,0,0,0,0,0,0,0,0,0,0,0,0,0,0,0,0,0,0,0,8281,0,0,0,0,0,0,0,0,0,0,3497,0,0,0,0,0,0,0,0,0,0,0,0,0,0,0,0,0,0,0,0,0,0,0,0,0,0,0,0,0,0,0,16,0,0,9825,0,0,0,0,0,0,0,149,0,0,0,0,0,0,0,0,0,0,0,0,0,0,3676,0,0,0,0,0,0,0,0,0,0,0,0,0,0,0,0,0,45,25444
S218,0,0,11,0,0,7,0,0,0,0,0,0,26,0,0,0,0,0,0,0,0,48,0,0,0,18,0,0,3438,0,0,0,0,0,0,0,0,2604,0,751,2662,0,0,0,0,0,0,0,0,0,0,0,0,0,0,0,0,0,0,0,0,0,0,0,0,0,0,0,0,0,0,758,0,0,8109,0,0,0,0,0,0,0,327,0,0,0,0,0,0,0,0,0,0,0,0,0,0,180,0,0,13,0,0,0,0,0,157,0,0,0,0,0,0,0,0,177,19109
S219,0,0,0,0,0,0,0,0,0,0,0,0,21,0,0,0,0,0,0,0,0,0,0,0,0,0,0,0,0,0,0,0,0,0,0,0,0,244,0,65,276,0,0,0,0,0,0,0,0,0,0,0,0,0,0,0,0,0,0,0,0,0,0,0,54,0,0,0,0,0,0,9328,0,0,16437,0,0,0,0,0,0,0,411,0,0,0,0,0,0,0,0,0,0,0,0,0,0,88,0,0,0,0,0,0,0,0,0,0,0,0,0,0,0,0,0,169,26924
S22,0,0,0,0,0,0,0,0,0,0,0,0,0,0,0,0,0,0,0,0,0,275,0,0,0,0,0,0,364,0,0,0,0,0,0,0,0,0,0,0,0,0,0,0,0,0,0,0,0,0,0,177,0,0,0,11,0,0,0,0,0,8,0,0,0,0,0,0,0,0,0,0,0,0,9221,0,0,0,0,0,0,0,8212,0,0,0,0,0,0,0,0,0,0,0,0,0,0,0,0,0,0,0,0,0,0,0,0,0,0,0,0,0,0,0,0,0,18268
S220,0,0,0,0,0,0,0,0,0,0,0,0,28,0,0,0,0,0,0,0,0,1498,0,0,0,0,0,0,0,0,0,0,0,0,0,0,0,0,0,0,0,0,0,0,0,0,0,0,0,0,0,0,0,0,0,0,0,0,0,0,0,0,0,0,0,0,0,0,0,0,0,665,0,0,5300,0,0,0,0,0,0,0,3052,0,0,0,0,0,0,0,0,0,0,0,0,0,0,1489,0,0,0,0,0,0,0,0,31,0,0,0,0,0,0,0,0,5569,12063
S23,0,0,0,0,0,0,0,0,0,0,0,0,33,0,0,0,0,0,0,0,0,0,0,0,0,0,0,0,0,0,0,0,0,0,0,0,0,0,0,0,0,0,0,0,0,0,0,0,0,0,0,145,0,0,0,0,0,0,0,0,0,0,122,0,0,0,0,0,0,0,0,333,0,0,14204,0,0,0,0,0,0,0,6421,0,0,0,0,0,0,0,0,0,0,0,0,0,0,0,0,0,0,0,0,0,0,0,0,0,0,0,0,0,0,0,0,606,21258
S24,0,0,0,0,0,0,0,0,0,0,0,0,924,0,0,0,0,0,0,0,0,2711,0,0,0,212,0,0,103,0,0,0,0,0,0,0,0,0,0,0,183,0,0,0,0,0,0,0,0,0,0,701,0,0,0,0,82,109,0,0,0,510,114,0,0,0,0,0,0,0,0,2889,0,0,4946,0,0,0,0,0,0,0,749,0,0,0,0,0,0,0,0,0,0,0,0,0,0,2223,0,0,0,0,0,0,0,0,0,0,0,0,0,0,0,0,0,1715,16456
S25,0,0,0,0,0,0,0,0,0,0,0,0,37,0,0,0,0,0,0,0,0,130,0,0,0,12,0,0,0,0,0,0,0,0,0,0,0,0,0,0,0,0,0,0,0,0,0,0,0,0,0,0,0,0,0,0,0,0,0,0,0,0,0,0,0,0,0,0,0,0,0,2124,0,0,11702,0,0,0,0,0,0,0,628,0,0,0,0,6,0,0,0,0,0,0,0,0,0,165,0,0,0,0,0,0,0,0,0,0,0,0,0,0,0,0,0,49,14804
S26,0,0,0,0,0,0,0,0,0,0,0,0,15,0,0,0,0,0,0,0,0,17,0,0,0,0,0,0,0,0,0,0,0,0,0,0,0,0,0,0,0,0,0,0,0,0,0,0,0,0,0,0,0,0,0,0,0,0,0,0,0,0,0,0,0,0,0,0,0,0,0,46,0,0,171,0,0,0,0,0,0,0,17500,0,0,0,0,15,0,0,0,0,0,0,0,0,0,0,0,0,0,0,0,0,0,0,0,0,0,0,0,0,0,0,0,207,17764
S27,0,0,0,0,0,0,0,0,0,0,0,0,7,0,0,0,0,0,0,0,0,84,700,0,0,17,0,0,0,0,0,0,0,0,0,0,0,0,0,0,0,0,0,0,0,0,0,0,0,0,0,125,0,0,0,0,0,0,0,0,0,44,0,0,0,0,0,0,0,0,0,283,0,0,7764,0,0,0,0,0,0,0,106,0,0,0,0,11,0,0,0,0,0,0,0,0,0,286,0,0,0,0,0,0,0,0,0,0,0,36,0,0,0,0,0,528,9463
S28,0,0,0,0,0,0,0,0,0,0,0,0,10952,0,0,0,0,0,0,0,0,47,0,0,0,0,0,0,0,0,0,0,0,0,0,0,0,0,0,0,0,0,0,0,0,0,0,0,0,0,0,80,0,0,0,0,0,0,0,0,0,65,0,0,0,0,0,0,0,0,0,0,0,0,338,0,0,0,0,0,0,0,0,0,0,0,0,0,0,0,0,0,0,0,0,0,0,585,0,0,0,0,0,0,0,0,0,0,0,0,0,0,0,0,0,815,12067
S29,0,0,0,0,0,0,0,0,0,0,0,0,0,0,0,0,0,0,0,0,0,0,0,0,0,0,0,0,0,0,0,0,0,0,0,0,0,0,0,0,0,0,0,0,0,0,0,0,0,0,0,0,0,0,0,0,0,0,0,15,0,0,51,0,22,0,0,0,0,0,0,1333,0,0,13412,0,0,0,0,0,0,0,6403,0,0,0,0,0,0,0,0,0,0,0,0,0,0,74,0,0,0,0,0,0,0,0,0,0,0,0,0,0,0,0,0,168,21310
S3,0,0,0,0,0,0,0,0,0,0,0,0,18,0,0,0,0,0,0,0,0,275,125,0,0,373,0,0,0,0,0,0,0,0,0,0,0,0,0,0,0,0,0,0,0,0,0,0,0,0,0,1062,0,0,0,0,0,0,0,0,0,362,0,0,0,0,0,0,0,0,0,975,0,0,3530,0,0,0,0,0,0,0,607,0,0,0,0,0,0,0,0,0,0,0,0,0,0,1641,0,0,0,0,0,0,0,0,0,0,0,0,0,0,0,0,0,3566,8968
S30,0,0,0,0,0,0,0,0,0,0,0,0,892,0,0,0,0,0,79,0,0,1670,0,0,0,0,0,0,0,0,0,177,0,0,0,0,0,0,0,0,0,0,0,0,0,0,0,0,0,0,0,882,0,0,0,0,331,0,0,0,0,929,94,0,0,0,0,0,0,0,0,3004,0,0,1203,0,0,0,0,0,0,0,3928,0,0,0,0,0,0,0,0,0,0,0,0,0,0,2010,0,0,0,0,0,0,0,0,0,0,0,0,0,0,0,0,0,1700,15199
S31,0,0,0,0,0,0,0,0,0,0,0,0,31,0,0,0,0,0,0,0,0,264,0,0,0,1823,0,0,0,0,0,0,0,0,0,0,0,0,0,0,0,0,0,0,0,0,0,0,0,0,0,102,0,0,0,0,0,0,197,0,0,231,0,0,0,0,0,660,0,0,0,920,0,0,10588,0,0,0,0,0,0,0,47,0,0,0,0,0,0,0,0,0,0,0,0,0,0,249,0,0,0,0,0,0,0,26,0,0,0,0,0,0,0,0,0,248,15138
S32,0,0,0,0,0,0,0,0,0,0,0,0,958,0,0,0,0,0,0,0,0,753,0,0,0,317,0,0,0,0,0,0,0,0,0,0,0,0,0,0,0,0,0,0,0,0,0,0,0,0,0,7901,86,0,0,0,0,0,0,0,0,0,0,0,183,0,0,0,0,0,0,175,0,0,2530,494,0,0,0,0,0,0,528,0,0,0,0,324,0,0,0,0,0,0,0,0,0,503,0,0,0,0,0,0,0,0,0,0,0,0,0,0,0,0,30,7956,14782
S33,0,0,0,0,0,0,0,0,0,0,0,0,0,0,0,0,0,0,0,209,0,2431,0,0,0,0,0,0,0,0,0,0,0,0,0,0,0,0,0,0,0,0,0,0,0,0,0,0,0,0,0,525,0,0,0,0,0,0,0,0,0,31,0,0,0,0,0,0,0,0,0,706,0,0,755,0,0,0,0,0,0,0,435,0,0,0,0,0,0,0,0,0,0,0,0,0,0,1560,0,0,0,0,0,0,0,0,0,0,0,0,0,0,0,0,0,1216,6652
S34,0,0,0,0,0,0,0,0,0,0,0,0,2155,0,0,0,0,0,0,0,0,430,0,0,0,0,0,0,71,0,0,27,0,0,0,0,0,0,0,0,0,0,0,0,0,0,0,0,0,0,0,5440,0,0,0,0,0,0,0,0,0,38,0,0,0,0,0,0,0,0,0,0,0,0,3943,0,0,0,0,0,0,0,2268,0,0,0,0,10,0,0,0,0,0,0,0,0,0,582,0,0,0,0,0,0,0,0,0,0,0,0,0,0,0,0,0,3683,14964
S35,0,0,0,0,0,0,0,0,0,0,0,0,2943,0,0,0,0,0,0,0,0,618,0,0,0,0,0,0,30,0,0,0,0,0,0,0,0,194,0,0,232,0,0,0,0,0,0,0,0,0,0,0,0,0,0,0,0,0,0,0,0,0,136,0,0,0,0,0,0,0,0,323,0,0,5996,0,0,0,0,0,0,0,8086,0,0,0,0,28,0,0,0,0,0,0,0,0,0,970,0,0,0,0,0,0,0,0,0,0,0,0,0,0,0,0,0,1685,19556
S36,0,0,0,0,0,0,0,0,0,0,0,0,2295,0,9,0,0,0,0,0,0,558,0,0,0,176,0,0,0,0,0,0,0,0,0,0,0,0,0,0,0,0,0,0,0,0,0,0,0,0,0,149,0,0,0,0,0,0,0,0,0,0,0,0,0,0,0,0,0,0,0,0,0,0,7284,0,0,0,0,0,0,0,1051,0,0,0,0,0,0,0,0,0,0,0,0,0,0,332,0,0,0,0,0,0,0,0,0,0,0,0,0,0,0,0,0,686,11854
S37,0,0,0,0,0,0,0,0,0,0,0,0,7825,0,0,651,0,0,0,0,0,1142,0,0,0,0,0,0,139,0,0,0,0,0,0,0,0,0,0,0,0,0,0,0,0,0,0,0,0,0,0,0,0,0,0,0,0,0,0,0,0,155,0,0,0,0,0,0,0,0,0,75,0,0,11364,182,0,0,0,0,0,0,642,0,0,0,0,182,0,0,0,0,0,0,0,0,0,1209,0,0,0,0,0,0,0,0,0,0,0,0,0,0,0,0,0,2369,23566
S38,0,0,0,0,0,0,0,0,0,0,0,0,8154,0,0,0,0,0,0,0,0,1196,0,0,0,103,0,0,84,0,0,0,0,0,0,0,0,0,0,0,0,0,0,0,0,0,0,0,0,0,0,105,0,0,0,0,0,0,0,0,0,229,125,0,0,0,0,0,0,0,0,84,0,0,11993,0,0,0,0,0,0,0,596,0,0,0,0,0,0,0,0,0,0,0,0,0,0,1957,0,0,0,0,0,0,0,0,0,0,0,0,0,0,0,0,0,3021,24626
S39,0,0,0,0,0,0,0,0,0,0,0,0,206,0,0,0,0,0,0,0,0,479,0,0,0,0,0,0,0,0,108,0,0,0,0,0,67,1015,0,298,938,0,0,0,0,0,0,0,0,0,0,207,0,0,0,30,0,0,0,0,0,0,13584,3148,0,0,0,0,0,0,0,0,0,0,7227,0,0,0,0,0,0,0,1721,0,0,0,0,0,0,0,0,0,0,0,0,0,0,1319,0,0,0,0,0,0,0,0,0,0,0,0,0,0,0,0,0,7864,30347
S4,0,0,0,0,0,0,0,0,0,0,0,0,167,0,0,0,14,0,0,0,0,0,0,0,0,0,0,0,0,0,0,0,0,0,0,0,0,0,0,0,0,0,0,0,0,0,0,0,0,0,0,57,0,0,0,0,0,0,0,0,0,0,0,0,22,0,0,0,0,0,0,0,0,0,105,0,0,0,0,0,0,0,0,0,0,0,0,0,0,0,0,0,0,0,0,0,0,0,0,0,0,0,0,0,0,0,0,0,0,0,0,0,0,0,0,331,365
S40,0,0,0,0,0,0,0,0,0,0,0,0,8617,0,0,0,0,0,0,0,0,1034,0,0,0,322,0,0,0,0,0,0,0,0,0,0,0,0,0,0,0,0,0,0,0,0,0,0,0,0,0,303,0,0,0,0,0,0,0,0,0,0,0,0,0,0,0,0,0,0,0,85,0,0,10561,0,0,0,0,0,0,0,457,0,0,0,0,0,0,0,0,0,0,0,0,0,0,1205,0,0,0,0,0,0,0,0,0,0,0,0,0,0,0,0,0,2424,22584
S41,0,0,0,0,0,0,0,0,0,0,0,0,678,0,0,0,0,0,0,0,0,80,0,0,0,27,0,0,7,0,0,0,0,0,0,0,0,0,0,0,0,0,0,0,0,0,0,0,0,0,0,0,0,0,0,0,0,0,0,0,0,47,48,0,0,0,0,0,0,0,0,626,0,0,2246,0,10,0,0,0,0,0,17566,0,0,0,0,37,0,0,0,0,0,0,0,0,0,103,0,0,0,0,0,0,0,0,0,0,0,0,0,0,0,0,0,615,21475
S42,0,0,0,0,0,0,0,0,0,0,0,0,0,0,0,0,0,0,0,0,0,42,0,0,0,0,0,0,0,0,0,0,0,0,0,0,0,0,0,0,0,0,0,0,0,0,0,0,0,0,0,0,0,0,0,0,0,0,0,0,0,0,28,0,0,0,0,0,4,0,0,0,0,0,863,0,0,0,0,0,0,0,39,0,0,0,0,0,0,0,0,0,0,0,0,0,0,788,0,0,0,0,0,0,0,0,0,0,0,0,0,0,0,0,0,1766,1764
S43,0,0,0,0,0,0,0,0,0,0,0,0,0,0,0,0,0,0,0,0,0,1154,0,0,0,196,0,0,0,0,0,0,0,0,0,0,0,3,0,0,0,0,0,0,0,0,0,0,0,0,0,460,0,0,0,0,0,0,0,0,0,0,0,0,0,0,0,0,0,0,0,0,0,0,4991,0,0,0,0,0,0,0,1236,0,0,0,0,0,0,0,0,0,0,0,0,0,0,1277,0,0,0,0,0,0,0,0,0,0,0,0,0,0,0,0,0,3129,9317
S44,0,0,0,0,0,0,0,0,0,0,0,0,153,0,0,0,0,0,0,0,0,19,0,0,0,5600,0,0,0,0,0,0,0,0,0,0,0,0,0,0,0,0,0,0,0,0,0,0,0,0,0,0,0,0,0,0,0,0,0,0,0,23,0,0,0,0,0,0,0,0,0,5431,0,0,10960,0,0,0,0,0,0,0,253,0,0,0,0,0,0,0,0,0,0,0,0,0,0,23,0,0,0,0,0,0,0,0,0,0,0,0,0,0,0,0,0,0,22462
S45,0,0,0,0,0,0,0,0,0,0,0,0,974,0,0,0,0,0,0,0,0,0,0,0,0,6,0,0,30,0,0,0,0,0,0,0,0,0,0,0,0,0,0,0,0,0,0,0,0,0,0,0,0,0,0,0,0,0,0,0,0,0,0,0,0,0,0,30,7,0,0,864,0,0,9609,0,0,0,0,0,0,0,3335,0,0,0,0,0,0,0,0,0,0,0,0,0,0,223,0,0,0,0,0,0,0,0,0,0,0,0,0,0,0,0,0,277,15078
S46,0,0,0,0,0,0,0,0,0,0,0,0,4300,0,0,0,0,0,0,0,0,520,0,0,0,33,0,0,33,0,0,0,0,0,0,0,0,161,0,69,183,0,0,0,0,0,0,0,0,0,0,0,0,0,0,0,0,0,0,0,0,0,0,0,0,0,0,36,0,0,0,104,0,0,6745,0,0,0,0,0,0,0,475,0,0,0,0,116,0,0,0,0,0,0,0,0,0,725,0,0,0,0,0,0,0,0,0,0,0,0,0,0,0,0,0,1198,13500
S47,0,0,0,0,0,0,0,0,0,0,0,0,13,0,0,0,0,0,0,0,0,481,0,0,0,0,0,0,0,0,0,0,0,0,0,0,0,0,0,0,0,0,0,0,0,0,0,0,0,0,0,0,0,0,0,0,0,0,0,0,0,0,0,0,0,0,0,0,0,0,0,132,0,0,3475,0,0,0,0,0,0,0,320,0,0,0,0,0,0,0,0,0,0,0,0,0,0,0,0,0,0,0,0,0,0,0,48,0,0,29,0,0,0,0,0,0,4498
S48,0,0,0,0,0,0,0,0,0,0,0,0,2357,0,0,0,0,0,0,0,0,283,0,0,0,0,0,0,0,0,0,0,0,0,0,0,0,0,0,0,0,0,0,0,0,0,0,0,0,0,0,0,0,0,0,0,0,0,0,0,0,0,93,0,0,0,0,0,0,0,0,979,0,0,10829,0,0,0,0,0,0,0,8982,0,0,0,0,0,0,0,0,0,0,0,0,0,0,460,0,0,0,0,0,0,0,0,0,0,0,25,0,0,0,0,0,823,24008
S49,0,0,0,0,0,0,0,0,0,0,0,0,1438,0,0,0,0,0,0,0,0,33,0,0,0,350,0,0,105,0,0,0,0,0,0,0,0,22,0,0,0,0,0,0,0,0,0,0,0,0,0,0,0,0,0,0,0,0,0,0,0,0,0,0,0,0,0,0,0,0,0,4113,0,0,10812,0,0,0,0,0,0,0,2481,0,0,0,0,0,0,0,0,0,0,0,0,0,0,700,0,0,0,0,0,0,0,0,0,0,0,0,0,0,0,0,0,955,total
S5,0,0,0,0,0,0,0,0,0,0,0,0,45,0,0,0,0,0,0,0,0,22,0,0,0,0,0,0,0,0,0,0,0,0,0,0,0,349,0,122,392,0,0,0,0,0,0,0,0,0,0,102,0,0,0,0,0,0,50,0,0,0,7356,0,14,0,0,0,0,0,0,0,0,0,1641,0,0,0,0,0,0,8,4864,0,0,0,0,0,0,0,0,0,0,0,0,0,0,2435,0,0,0,0,0,0,0,0,22,0,0,0,0,0,0,0,0,6185,17422
S50,0,0,0,0,0,0,0,0,0,0,0,0,1124,0,0,0,0,0,0,0,0,0,0,0,0,0,0,0,0,0,3,0,0,0,0,0,0,0,0,0,0,0,0,0,0,0,0,0,0,0,0,37,0,0,0,0,0,0,0,0,0,0,0,0,0,0,0,0,0,0,0,0,0,0,3439,0,0,0,0,0,0,0,1009,0,0,0,0,0,0,0,0,0,0,0,0,0,0,0,0,0,0,0,0,0,0,0,0,0,0,0,0,0,0,0,0,314,5612
S51,0,0,0,0,0,0,0,0,0,0,0,0,80,0,0,0,0,0,0,0,0,33,0,0,0,0,0,0,0,0,0,0,0,0,0,0,0,0,0,0,0,0,0,0,0,0,0,0,0,0,0,0,0,0,0,0,0,0,0,0,0,0,0,0,0,0,0,0,0,0,0,0,0,0,0,0,0,0,0,0,0,0,15935,0,0,0,0,0,0,0,0,0,0,0,0,0,0,0,0,0,0,0,0,0,0,0,0,0,0,0,0,0,0,0,0,280,16048
S52,0,0,0,0,0,0,0,0,0,0,0,0,5246,0,0,0,0,0,0,0,0,616,0,0,0,127,0,0,83,0,0,0,0,0,0,0,0,0,0,0,0,0,0,0,0,0,0,0,0,0,0,0,0,0,0,0,0,0,0,0,0,0,0,0,0,0,0,61,0,0,0,0,0,0,7188,0,0,0,0,0,0,0,765,0,0,0,0,0,0,0,0,0,0,0,0,0,0,894,0,0,0,0,0,0,0,0,0,0,0,0,0,0,0,0,0,1601,14980
S53,0,0,0,0,0,0,0,0,0,0,0,0,1153,0,0,0,0,0,0,0,0,0,0,0,0,14,0,0,0,0,0,0,0,0,0,0,0,0,0,0,0,0,0,0,0,0,0,0,0,0,0,0,0,0,0,0,0,0,0,0,0,94,4,0,13,0,0,15,0,0,0,572,0,0,2201,0,0,0,0,0,0,0,7964,0,0,0,0,93,0,0,0,0,0,0,0,0,0,275,0,0,0,0,0,0,0,0,0,0,0,0,0,0,0,0,0,1223,12398
S54,0,0,0,0,0,0,0,0,0,0,0,0,24179,0,0,0,0,0,0,0,0,29,0,0,0,0,0,0,0,0,0,0,0,0,0,0,0,0,0,0,0,0,0,0,0,0,0,0,0,0,0,0,0,0,0,0,0,0,0,0,0,0,43,0,0,0,0,0,52,0,0,84,0,0,283,0,0,0,0,0,0,0,45,0,0,0,0,92,0,0,0,0,0,0,0,0,0,698,0,0,0,0,0,0,0,0,0,0,0,0,0,0,0,0,0,2096,25505
S55,0,0,0,0,0,0,0,0,0,0,0,0,10096,0,0,0,0,0,0,0,0,1075,0,0,0,137,0,0,136,0,0,0,0,0,0,0,0,0,0,0,0,0,0,0,0,0,0,85,0,0,0,163,0,0,0,0,0,0,0,0,0,0,0,0,0,0,0,67,0,0,0,0,0,0,13306,0,0,0,0,0,0,0,443,0,0,0,0,0,0,0,0,0,0,0,0,0,0,1062,0,0,0,0,0,0,0,0,0,0,0,0,0,0,0,0,0,2582,26570
S56,0,0,0,0,0,0,0,0,0,0,0,0,23,0,0,0,0,0,0,0,0,211,0,0,0,0,0,0,0,0,0,57,0,0,0,0,0,0,10,0,0,0,0,0,0,0,0,0,0,0,0,13237,0,0,0,0,0,0,0,0,0,86,0,0,24,0,0,0,0,0,0,969,0,0,880,0,0,0,0,0,0,0,2035,0,0,0,0,0,20,0,0,0,0,0,0,0,0,1263,0,0,0,0,0,0,0,0,0,0,0,0,0,0,0,0,0,5307,18815
S57,0,0,0,0,0,0,0,0,0,0,0,0,3447,0,0,0,0,47,0,0,0,387,0,0,0,0,0,0,0,0,0,0,0,0,0,0,0,0,0,0,0,0,0,0,179,0,0,0,0,0,0,0,0,0,0,0,0,0,0,0,0,0,5,0,16,0,39,0,128,0,123,3999,0,0,9234,0,0,0,0,0,0,0,1240,0,0,0,0,24,0,0,0,0,0,0,0,0,0,551,0,0,0,0,0,0,0,0,0,0,0,0,0,0,0,0,0,966,19419
S58,0,0,0,0,0,0,0,0,0,0,0,0,1859,0,0,0,0,0,0,0,100,116,0,0,0,58,0,0,0,0,0,0,0,0,0,0,0,19,0,0,0,0,0,0,0,0,0,0,0,0,0,0,0,0,0,0,0,0,0,0,0,83,41,0,0,0,0,0,0,0,0,553,0,0,7877,0,0,0,0,0,0,0,5422,0,0,0,0,0,0,0,0,0,0,0,0,0,0,423,0,0,0,0,0,0,0,0,0,0,0,0,0,0,0,0,0,761,16551
S59,0,0,0,0,0,0,0,0,0,0,0,0,217,0,0,0,0,0,0,0,0,14,0,0,0,0,0,0,8,0,0,0,0,0,0,0,0,0,0,0,0,0,0,0,0,0,0,0,0,0,0,0,0,0,0,0,0,0,0,0,0,0,0,0,0,0,0,0,0,0,0,316,0,0,168,0,0,0,0,0,0,0,16340,0,0,0,0,0,0,0,0,0,0,0,0,0,0,64,0,0,0,0,0,0,0,0,0,0,0,0,0,0,0,0,0,188,17127
S6,0,0,0,0,0,0,0,0,0,0,0,0,28,0,0,0,0,0,0,0,0,21,0,0,0,0,0,0,0,0,0,331,0,0,0,0,0,0,0,0,0,0,0,0,0,0,0,0,11,27,0,0,0,0,0,0,0,0,0,0,0,0,24799,0,0,0,0,0,0,0,0,0,0,0,3114,0,0,0,0,0,0,0,2073,0,0,0,0,11,0,0,0,0,0,0,0,0,0,229,16,10,0,0,0,0,0,0,0,0,0,173,0,0,0,0,0,288,30843
S60,0,0,0,0,0,0,0,0,0,0,0,0,542,0,0,0,0,0,0,0,0,0,0,0,0,36,0,0,0,0,0,0,0,0,0,0,0,0,0,0,14,0,0,0,0,0,0,0,0,0,0,0,0,0,0,0,0,0,0,0,0,0,0,0,0,0,0,0,0,0,0,3198,0,0,9097,0,0,0,0,0,0,0,4704,0,0,0,0,21,0,0,0,0,0,0,0,0,0,0,0,0,0,0,0,0,0,0,0,0,0,0,0,0,0,0,0,540,17612
S61,0,0,0,0,0,0,0,0,0,0,0,0,221,0,0,0,0,0,0,0,0,29,0,0,0,0,0,0,0,0,0,0,0,0,0,0,0,0,0,0,0,0,0,0,0,0,0,0,0,0,0,0,0,0,0,0,0,0,0,0,0,0,0,0,0,0,0,0,28,0,0,318,0,0,5096,0,0,0,0,0,0,0,12752,0,0,0,0,0,0,0,0,0,0,0,0,0,0,0,0,0,0,0,0,0,0,0,0,0,0,0,0,0,0,0,0,53,18444
S62,0,0,0,0,0,0,0,0,0,0,0,0,0,0,0,0,0,0,0,0,0,0,15,0,0,0,0,0,0,0,0,0,0,0,0,0,0,0,0,0,0,0,0,0,0,0,0,0,0,0,0,0,0,0,0,0,0,0,0,0,0,0,65,0,0,0,0,0,0,0,0,0,0,0,26453,0,0,0,0,0,0,0,129,0,0,0,0,0,0,0,0,0,0,0,0,0,0,0,0,0,0,0,0,0,0,0,0,0,0,0,0,0,0,0,0,31,26662
S63,0,0,0,0,0,0,0,0,0,0,0,0,4950,0,0,0,0,0,0,0,0,1075,0,0,0,85,0,0,0,0,0,0,0,0,0,0,0,0,0,0,74,0,0,0,0,0,0,0,0,0,0,0,0,0,0,0,54,0,0,0,0,40,141,0,0,0,28,81,0,0,0,730,0,0,12711,0,0,0,0,0,0,0,1721,0,0,0,0,0,0,0,0,0,0,0,0,0,0,909,0,0,0,0,0,0,0,0,0,0,0,0,0,0,0,0,0,1628,22599
S64,0,0,0,0,0,0,0,0,0,0,0,0,1109,0,0,0,0,0,0,0,0,31,0,0,0,127,0,0,0,0,0,0,0,0,0,0,0,0,0,0,0,0,0,0,0,0,0,0,0,0,0,0,0,0,0,0,0,0,0,0,0,0,37,0,0,0,0,16,0,0,0,572,0,0,25870,0,0,0,0,0,0,0,909,0,0,0,0,0,0,0,0,0,0,0,0,0,0,297,0,0,0,0,0,0,0,0,0,0,0,0,0,0,0,0,0,497,28968
S65,0,0,0,0,0,0,0,0,0,0,0,0,3975,0,0,0,0,0,0,0,0,750,0,0,0,70,0,0,116,0,0,0,0,0,0,0,0,0,0,0,0,0,0,0,0,0,0,0,0,0,0,180,0,0,0,0,35,0,0,0,0,230,85,0,0,0,0,0,0,0,0,598,0,0,6139,114,0,0,0,0,0,0,1225,0,0,0,0,0,0,0,0,0,0,0,0,0,0,658,0,0,0,0,0,0,0,0,0,0,0,0,0,0,0,0,0,1570,14175
S66,0,0,0,0,0,0,0,0,0,0,0,0,19,0,0,0,0,0,0,0,0,0,0,0,0,89,0,0,0,0,0,0,0,0,0,0,0,37,0,0,113,0,0,0,0,0,0,0,0,0,0,0,0,0,0,0,0,0,0,0,0,0,892,709,0,0,0,0,0,0,0,585,0,0,12725,0,0,0,0,0,0,0,7882,0,0,0,0,0,0,0,0,0,0,0,0,0,0,6,0,0,0,0,0,0,0,0,0,0,0,47,0,0,0,0,0,0,23104
S67,0,0,0,0,0,0,0,0,0,0,0,0,0,0,0,0,0,0,0,0,0,97,0,0,0,0,0,0,338,0,0,0,0,0,0,0,0,0,0,0,0,0,0,0,0,0,0,0,0,0,0,0,0,0,0,0,0,0,0,0,0,224,0,0,0,0,0,0,0,0,0,0,0,0,83,0,0,0,0,0,0,0,7619,0,0,0,0,0,0,0,0,0,0,0,0,0,0,382,0,0,0,0,0,0,0,0,0,0,0,0,0,0,0,0,0,2304,8743
S68,0,0,0,0,0,0,0,0,0,0,7,0,10,0,0,0,0,0,0,0,0,127,30,0,0,0,0,0,0,0,0,0,0,0,0,0,0,0,0,0,0,0,0,0,0,0,0,0,0,0,0,0,0,0,0,0,0,0,0,0,0,50,48,0,0,0,0,0,0,0,0,73,0,0,179,0,0,0,0,0,0,0,18395,0,0,0,0,0,0,0,0,0,0,0,0,0,0,385,0,0,0,0,0,0,0,0,64,0,0,0,0,0,0,0,0,860,19368
S69,0,0,0,0,0,0,0,0,0,0,0,0,15,0,0,0,0,0,0,0,0,125,0,0,0,50,0,0,0,0,0,0,0,0,0,0,0,0,0,0,162,0,0,0,0,0,0,0,0,0,0,0,0,0,0,0,50,0,0,0,0,91,76,0,0,0,0,0,0,0,0,1137,0,0,4293,0,0,0,0,0,0,0,10479,0,0,0,0,0,0,0,0,0,0,0,0,0,0,288,0,0,0,0,0,0,0,0,0,0,0,353,2552,0,0,0,0,1066,19671
S7,0,0,0,0,0,0,0,57,0,0,0,0,0,0,0,0,0,0,0,0,0,0,0,0,0,0,0,0,0,0,0,0,0,0,0,0,0,0,0,0,0,0,0,0,0,0,0,0,0,0,0,0,0,0,0,0,0,0,0,0,0,187,130,0,0,0,0,0,0,0,0,2179,0,0,12455,0,0,0,0,0,0,0,7241,0,0,0,0,0,0,0,0,0,0,0,0,0,0,0,0,0,0,0,0,0,0,0,0,0,0,0,0,0,0,0,0,733,22249
S70,0,0,0,0,0,0,0,0,0,0,0,0,30,0,0,0,0,0,0,0,0,149,0,0,0,0,0,0,203,0,0,0,0,0,0,0,0,0,0,0,0,0,0,0,0,0,0,0,0,0,0,0,0,0,0,0,0,0,69,0,0,0,0,0,0,0,0,0,0,0,0,135,0,0,9102,0,0,0,0,0,0,0,1055,0,0,0,0,18,0,0,0,0,0,0,0,0,0,1655,0,0,0,0,0,0,0,0,0,0,0,0,0,0,0,0,0,9840,12416
S71,0,0,0,0,0,0,0,0,0,0,0,0,2047,0,0,0,0,0,0,0,0,1612,0,0,0,0,0,0,0,0,0,0,0,0,0,0,0,0,0,0,0,0,0,0,0,0,0,0,0,0,0,0,0,0,0,0,0,0,0,0,0,0,0,0,0,0,0,0,0,0,0,391,0,0,1190,0,0,0,0,0,0,0,236,0,0,0,0,0,0,0,0,0,0,0,0,0,0,708,0,0,0,0,0,0,0,0,0,0,0,0,0,0,0,0,0,1506,6184
S72,0,0,0,0,0,0,0,34,0,0,0,0,4,0,0,0,0,0,0,0,0,67,0,0,0,24,0,0,0,0,0,30,0,0,0,0,0,96,56,0,204,0,0,0,0,0,0,0,0,0,0,18,0,0,0,0,0,0,0,0,0,0,877,81,0,0,0,0,0,0,0,98,0,0,471,0,0,0,0,0,0,0,625,0,0,0,0,0,0,0,0,0,0,0,0,0,0,4587,0,0,0,0,0,0,0,0,0,0,0,0,0,0,0,0,0,11665,7272
S73,0,0,0,0,0,0,0,0,0,0,0,24,94,0,0,0,0,0,0,0,0,0,0,0,0,62,0,0,0,0,0,0,0,0,0,0,0,0,0,0,65,0,0,0,0,0,0,0,0,0,0,51,0,0,0,0,0,0,0,0,0,0,0,0,0,0,168,0,0,0,0,1358,0,17,18243,0,0,0,0,0,0,0,4805,0,0,0,0,0,0,0,0,0,0,0,0,0,0,0,0,0,0,0,0,77,0,0,0,0,0,0,0,0,0,0,0,600,24964
S74,0,0,0,0,0,0,0,0,19,0,0,0,70,0,0,0,0,0,0,0,0,1366,0,0,0,319,0,0,0,0,0,0,0,0,0,0,0,0,0,0,0,0,0,0,0,0,0,0,0,0,0,36,0,0,0,0,35,0,0,0,0,819,27,0,0,0,0,44,0,0,0,11270,0,0,243,0,0,0,0,0,0,0,1399,0,0,0,0,33,0,0,0,0,0,0,0,0,0,3154,0,0,0,0,0,0,0,0,0,0,0,0,0,0,0,0,0,4943,18834
S75,0,0,0,0,0,0,0,0,0,0,0,0,115,0,0,0,0,0,0,0,47,0,0,0,0,0,0,0,28,0,0,0,0,0,0,0,0,53,0,0,0,0,0,0,0,0,0,0,0,0,0,0,0,0,0,0,0,0,0,0,0,0,509,0,17,0,0,0,0,0,0,181,0,0,10458,0,0,0,0,0,0,0,62,0,0,0,0,0,0,0,0,0,0,0,0,0,0,44,0,0,0,0,0,0,0,0,0,0,0,0,0,0,0,0,0,685,11514
S76,0,0,0,0,0,0,0,0,0,0,0,0,295,0,0,0,0,0,0,0,0,377,0,0,0,0,0,0,0,0,38,0,0,0,0,0,0,155,0,169,200,0,0,0,0,0,0,0,0,0,0,223,0,0,0,0,139,0,0,0,0,0,1660,83,0,0,0,0,0,0,0,905,0,0,618,327,0,0,0,0,0,0,7475,0,0,0,0,0,0,0,0,0,0,0,0,0,0,979,0,0,0,0,0,0,0,0,0,0,0,0,0,0,0,0,0,2386,13643
S77,0,0,0,0,0,0,0,0,0,0,0,0,0,0,0,0,0,0,0,0,0,125,0,0,0,0,0,0,0,0,0,0,0,0,0,0,0,0,0,0,0,0,0,0,0,0,0,0,0,0,0,0,0,0,0,0,0,0,0,0,0,0,0,0,0,0,0,0,0,0,0,6665,0,0,1229,0,0,0,0,0,0,0,0,0,0,0,0,0,0,0,0,0,0,0,0,0,0,9,0,0,0,0,0,0,0,0,0,0,0,58,0,0,0,0,0,162,8086
S78,0,0,0,0,0,0,0,0,0,0,0,0,0,0,0,0,0,0,0,0,0,0,0,0,0,0,0,0,0,0,0,0,0,0,0,0,0,0,0,0,0,0,0,0,0,0,0,0,0,0,0,0,0,0,0,0,0,0,0,0,0,0,0,0,0,0,0,0,0,0,0,0,0,0,0,0,0,0,0,0,0,0,0,0,0,0,0,0,0,0,0,0,0,0,0,0,0,0,0,0,0,0,0,0,0,0,0,0,0,0,0,0,0,0,0,81,0
S79,0,0,0,0,0,0,0,0,0,0,0,0,40,0,0,0,0,0,0,0,0,22,0,0,0,0,0,0,844,0,0,0,0,0,0,0,0,0,0,0,0,0,0,0,0,0,0,0,0,0,0,254,0,0,0,0,0,0,0,0,0,37,4299,0,0,0,0,0,0,0,0,134,0,0,1064,0,0,0,0,0,0,0,10160,0,0,0,0,0,0,0,0,0,0,0,0,0,0,213,0,0,0,0,0,0,0,0,0,0,0,0,0,0,0,0,0,1462,17067
S8,0,0,0,0,0,0,0,0,0,0,0,0,4437,0,0,0,0,0,0,0,0,192,0,0,0,0,0,0,0,0,0,0,0,0,0,0,0,0,0,0,0,0,0,0,0,0,0,0,0,0,0,3722,0,0,0,0,0,0,0,0,0,0,0,0,0,0,0,0,0,0,0,355,0,0,2983,0,0,0,0,0,0,0,1075,0,0,0,0,220,0,0,0,0,0,0,0,0,0,316,0,0,0,0,0,0,0,0,0,0,0,0,0,0,0,0,0,4635,13300
S80,0,0,0,0,0,0,0,0,0,0,0,0,100,0,0,0,0,0,0,0,0,838,0,0,0,0,0,0,0,0,0,0,0,0,0,0,0,0,0,0,55,0,0,0,0,0,0,0,0,0,0,0,0,0,0,0,59,0,0,0,0,124,902,0,0,0,0,0,0,0,0,4133,0,0,11235,0,0,0,0,0,0,0,8685,0,0,0,0,0,0,25,0,0,0,0,0,0,0,305,0,0,0,0,0,204,0,0,0,0,0,0,0,0,0,0,0,582,26665
S81,0,0,0,0,0,0,0,0,0,0,0,0,0,0,0,0,0,0,0,0,0,0,0,0,0,604,0,0,0,0,0,0,0,0,0,0,0,0,0,0,0,0,0,0,0,0,0,0,0,0,0,0,0,0,0,0,0,0,0,0,0,598,0,0,0,0,0,0,0,0,0,5278,0,0,281,0,0,0,0,0,0,0,2189,0,0,0,0,0,0,0,0,0,0,0,0,0,0,349,0,0,0,0,0,0,0,0,0,0,0,0,392,0,0,0,0,2447,9691
S82,0,0,0,0,0,0,0,0,0,0,0,0,64,0,0,0,0,0,0,0,0,422,0,0,0,114,0,0,0,0,0,0,0,0,0,0,0,95,0,0,212,0,0,0,0,0,0,0,0,0,0,18,0,0,0,0,0,0,0,0,0,451,29,0,0,0,0,0,122,0,91,1401,0,0,3500,0,0,0,0,0,0,0,2382,0,0,0,0,0,0,0,0,0,0,0,0,0,0,7030,0,0,0,0,0,0,0,0,0,0,0,0,0,0,0,0,0,12834,15931
S83,0,0,0,0,0,0,0,0,0,0,0,0,0,0,0,0,0,0,0,0,0,281,74,0,0,0,0,0,240,0,0,0,0,0,0,0,0,0,0,0,0,0,0,8,0,0,0,0,0,0,0,25,0,0,0,0,0,0,0,0,0,0,93,0,0,0,172,0,0,0,0,2097,0,0,11522,0,0,0,0,0,0,0,11102,0,0,0,0,0,0,0,0,0,0,0,0,0,0,0,0,0,0,0,18,0,0,0,0,0,0,37,0,0,0,0,0,165,25669
S84,0,0,0,0,0,0,0,0,0,0,0,0,726,0,0,0,0,0,0,0,0,0,0,0,0,0,0,0,0,0,0,0,0,0,0,0,0,131,0,0,0,0,0,0,0,0,0,0,0,0,0,0,0,0,0,0,0,0,0,0,0,0,0,110,0,0,0,0,0,0,0,559,0,0,12280,0,0,0,0,0,0,0,86968,0,0,0,0,0,0,0,0,0,0,0,0,0,0,380,0,0,0,0,0,0,0,0,0,0,0,0,0,0,0,0,0,1951,101154
S85,0,0,0,0,0,0,0,0,0,0,0,0,94,0,0,0,0,0,0,0,83,104,0,0,0,0,0,0,0,0,0,0,0,0,0,0,0,0,0,0,0,0,0,0,0,0,0,0,0,0,0,0,0,0,0,0,55,0,0,0,0,62,9,0,0,0,0,0,0,0,0,1468,0,0,246,0,0,0,0,0,0,0,101,0,0,0,0,12,0,0,0,0,0,0,0,0,0,42,0,0,0,0,0,0,0,0,0,0,0,94,0,0,0,0,0,332,2370
S86,0,0,0,0,0,0,0,0,0,0,0,0,749,0,0,0,0,0,0,0,0,355,13,0,0,2439,0,0,1323,0,0,0,0,0,0,0,0,107,0,91,219,0,0,0,0,0,0,0,0,0,0,0,0,0,0,0,0,0,0,0,0,586,486,0,0,0,0,0,0,0,0,117158,0,0,161879,0,0,0,0,0,0,0,73276,0,0,0,0,0,0,0,0,0,0,0,0,0,0,172,0,0,0,0,0,0,0,0,0,0,0,0,0,0,0,0,0,1971,358853
S87,0,0,0,0,0,0,0,0,0,0,0,0,1172,0,0,0,0,0,0,0,0,790,0,0,0,0,0,0,1149,0,0,0,0,0,0,0,0,121,0,0,132,0,0,0,0,0,0,0,0,0,124,2561,0,0,0,0,0,0,0,0,0,0,140,0,0,0,0,0,0,0,0,3139,0,0,2720,0,0,0,0,0,0,0,1622,0,0,0,0,0,0,0,0,0,0,0,0,0,0,1835,0,0,0,0,0,0,0,0,0,0,0,0,0,0,0,0,0,5261,15505
S88,0,0,0,0,0,0,0,0,0,0,0,0,140,0,0,0,0,0,0,0,0,559,0,0,0,66,0,0,0,0,0,0,0,0,0,0,0,115,0,0,127,0,0,0,0,0,0,0,0,0,0,0,0,0,0,0,0,0,0,0,0,83,0,0,0,0,0,0,0,0,0,761,0,0,1393,0,0,0,0,0,0,0,6009,0,107,0,0,175,0,0,0,0,0,0,0,0,0,503,0,0,0,0,0,0,0,0,0,0,0,0,0,0,0,0,0,20173,10038
S89,0,0,0,0,0,0,0,0,0,0,0,0,59,0,0,0,0,0,0,0,0,75,0,0,0,0,0,0,83,0,0,0,0,0,0,0,0,0,0,0,0,0,0,0,0,0,0,0,0,0,0,59,0,0,0,0,0,0,0,0,0,0,0,0,0,0,0,0,0,0,0,66,0,0,3431,0,0,0,0,0,0,0,12307,0,0,0,0,0,0,0,0,0,0,0,0,0,0,57,0,0,0,0,0,0,0,0,0,0,0,0,0,0,0,0,0,442,16137
S9,0,0,0,0,0,0,0,0,0,0,0,0,1509,0,0,0,0,0,0,0,0,226,0,0,0,0,0,0,0,0,0,0,0,0,0,0,0,0,0,0,0,0,0,0,0,0,0,0,0,0,0,975,0,66,64,0,0,0,0,0,0,0,0,0,339,0,0,0,0,0,0,1677,0,0,5139,0,0,0,283,0,0,0,25,0,0,0,0,0,0,0,0,0,0,0,0,0,0,313,0,0,0,0,0,0,0,0,0,0,0,0,0,0,0,0,0,2414,10616
S90,0,0,0,0,0,0,0,0,0,0,0,0,148,0,0,0,0,0,0,0,0,219,0,0,0,0,0,0,0,0,0,0,0,0,0,0,0,0,0,0,0,0,0,0,0,0,0,0,0,0,0,0,0,0,0,0,0,0,0,0,0,461,51,0,0,0,0,0,0,0,0,80,0,0,701,0,0,0,0,0,0,0,0,0,0,0,0,0,0,0,0,0,0,0,0,0,0,0,0,0,0,0,0,0,0,0,0,0,0,0,0,0,0,0,0,25646,1660
S91,0,0,0,0,0,0,0,0,0,0,0,0,480,0,0,0,0,0,0,0,0,505,0,0,0,0,0,0,0,0,0,0,0,0,0,0,0,0,0,0,0,0,0,0,0,0,0,0,0,0,0,121,0,0,0,0,0,0,0,0,0,0,0,0,0,0,0,0,0,0,0,1511,0,0,11580,0,0,0,0,0,0,0,13148,0,0,0,0,0,0,0,0,0,0,0,0,0,0,71,0,0,0,0,0,0,0,0,0,0,0,0,0,0,0,0,0,765,27416
S92,0,0,0,0,0,0,0,0,0,0,0,0,275,0,0,0,0,0,0,0,0,106,0,0,0,0,0,0,91,0,0,0,0,0,0,0,0,536,47,149,519,0,0,0,0,0,0,0,0,0,0,65,0,0,0,0,0,0,0,0,0,0,0,0,0,0,0,0,0,0,0,157,0,0,1575,0,0,0,0,0,0,0,222,0,0,0,0,0,0,0,0,0,0,0,0,0,0,191,0,0,0,0,0,0,0,0,0,0,0,0,0,0,0,0,0,1971,3933
S93,0,0,0,0,0,0,0,0,0,0,0,0,0,0,0,0,0,0,0,0,0,0,0,0,0,26,0,12,0,0,0,0,5,0,0,0,0,0,0,0,0,0,0,0,0,23,0,0,0,0,0,165,0,0,0,4,0,0,0,0,0,0,151,0,0,0,0,0,0,0,0,2587,0,0,14474,0,0,0,0,0,0,0,199,0,0,0,0,0,0,0,0,0,0,0,0,0,0,0,0,0,0,0,0,0,0,0,0,0,0,0,0,0,0,0,0,71,17646
S94,0,0,0,0,0,0,0,0,0,0,0,0,35,0,0,0,0,0,0,0,0,61,0,0,0,0,0,0,0,0,0,0,0,0,0,0,0,0,0,0,12,0,0,0,0,0,0,0,0,0,0,150,0,0,0,25,0,0,0,0,0,0,0,0,0,0,0,0,0,0,0,7605,0,0,20524,0,0,0,0,0,0,0,13361,0,0,0,0,0,0,0,0,0,0,0,0,0,0,46,0,0,0,0,0,0,0,0,0,0,0,11,0,0,0,0,0,491,41830
S95,0,17,0,0,0,0,0,0,0,0,0,0,0,0,0,0,0,0,0,0,0,0,0,0,0,0,0,0,0,0,0,0,0,0,0,0,0,0,0,0,0,0,0,0,0,0,0,0,0,0,0,0,0,0,0,0,0,0,0,0,0,10,73,0,5,3,0,0,0,0,0,140,0,0,233,0,0,0,0,0,0,0,1208,0,0,0,0,0,0,0,0,0,0,0,0,0,0,17801,0,0,0,0,0,0,0,0,0,0,0,0,0,0,0,0,0,5214,19490
S96,0,0,0,0,0,0,0,0,0,0,0,0,24,0,0,0,0,0,0,0,0,0,0,0,0,0,0,0,0,0,0,0,0,0,0,0,0,0,0,0,0,0,0,0,0,0,0,0,0,0,0,0,0,0,0,0,0,0,0,0,0,0,68,0,4,0,0,0,0,0,0,411,0,0,9298,0,0,0,0,0,0,0,2065,0,0,0,0,0,0,0,0,0,0,0,0,0,0,7930,0,0,0,0,0,0,0,0,30,0,0,0,0,0,0,0,0,2728,19830
S97,0,0,0,0,0,0,0,0,0,0,0,0,58,49,0,0,0,0,0,0,0,0,0,0,0,0,0,0,9,0,0,0,0,0,0,0,0,11,0,0,0,0,0,4,0,0,0,0,0,0,0,0,0,0,0,0,0,0,0,0,0,0,0,0,7,0,0,0,0,0,0,6455,0,0,9876,0,0,0,0,0,0,0,8349,0,0,0,0,0,0,0,0,0,0,0,0,0,0,0,0,0,0,0,0,0,78,0,0,0,0,36,0,0,0,0,0,66,24932
S98,0,0,0,0,0,0,0,0,0,0,0,0,15,0,0,0,0,0,0,0,0,0,0,0,0,35,0,0,96,0,0,0,0,0,0,0,0,0,0,0,59,0,0,0,0,0,0,0,0,3,0,37,0,0,0,0,0,0,0,0,0,0,0,0,0,0,0,0,0,0,0,1629,0,0,9556,0,0,0,0,0,0,0,1278,0,0,0,0,0,0,0,0,0,0,0,0,0,0,2529,0,0,0,0,0,0,0,0,0,0,0,0,0,0,0,0,0,3525,15237
S99,0,0,0,0,0,0,0,0,0,0,0,0,0,0,0,0,0,0,0,0,0,897,0,0,0,653,0,0,68,0,0,0,0,0,0,0,0,0,0,0,0,0,0,0,0,0,0,0,0,0,0,1145,0,0,0,0,0,0,107,0,0,0,104,0,0,0,0,0,0,0,0,537,0,0,2922,0,0,0,0,0,0,0,21358,0,0,0,0,2166,0,0,0,0,0,0,0,0,0,0,0,0,0,0,0,0,0,0,0,0,0,0,0,0,0,0,0,1084,29957